radius,count,Unknown Coverage,Accuracy,Precision,Recall,F1,FPR,,radius,count,Accuracy,Precision,Recall,FPR,Unknown Coverage,F1
0.1,470,0,0.4838,0.422857143,0.0888,0.14677686,0.1212,,0.14,10,0.4791,0.290581162,0.029,0.0708,0.0101,0.052736861
0.1,490,0.0701,0.4155,0.223313687,0.0682,0.104489046,0.2372,,,,,,,,,
0.14,10,0.0101,0.4791,0.290581162,0.029,0.052736861,0.0708,,,,,,,,,
0.07,100,0.0153,0.3894,0.096938776,0.0266,0.041745135,0.2478,,,,,,,,,
0.02,390,0,0.4325,0.119503946,0.0212,0.036011551,0.1562,,,,,,,,,
0.07,460,0.0006,0.4837,0.197026022,0.0106,0.020117669,0.0432,,,,,,,,,
0.03,140,0.0024,0.4899,0.251231527,0.0102,0.019604075,0.0304,,,,,,,,,
0.05,400,0.0015,0.4926,0.287356322,0.01,0.019327406,0.0248,,,,,,,,,
0.02,360,0.0007,0.4941,0.312101911,0.0098,0.019003296,0.0216,,,,,,,,,
0.1,420,0,0.5016,0.605263158,0.0092,0.018124507,0.006,,,,,,,,,
0.08,380,0,0.4894,0.235,0.0094,0.018076923,0.0306,,,,,,,,,
0.13,360,0.0015,0.4407,0.073381295,0.0102,0.017910448,0.1288,,,,,,,,,
0.08,170,0,0.5004,0.523809524,0.0088,0.017309205,0.008,,,,,,,,,
0.04,130,0,0.5005,0.530864198,0.0086,0.016925802,0.0076,,,,,,,,,
0.03,400,0,0.4907,0.234285714,0.0082,0.015845411,0.0268,,,,,,,,,
0.1,10,0,0.5016,0.648148148,0.007,0.013850416,0.0038,,,,,,,,,
0.03,80,0,0.5002,0.515151515,0.0068,0.013422819,0.0064,,,,,,,,,
0.02,420,0,0.4999,0.492537313,0.0066,0.013025459,0.0068,,,,,,,,,
0.15,400,0,0.4976,0.366666667,0.0066,0.012966601,0.0114,,,,,,,,,
0.06,410,0.0148,0.502,0.777777778,0.0056,0.011119936,0.0016,,,,,,,,,
0.02,230,0.0014,0.4978,0.351351351,0.0052,0.010248325,0.0096,,,,,,,,,
0.01,280,0.0001,0.4975,0.333333333,0.005,0.009852217,0.01,,,,,,,,,
0.02,490,0,0.4993,0.431372549,0.0044,0.008711146,0.0058,,,,,,,,,
0.22,380,0,0.5005,0.571428571,0.004,0.007944389,0.003,,,,,,,,,
0.05,220,0,0.4994,0.434782609,0.004,0.007927071,0.0052,,,,,,,,,
0.01,260,0.0061,0.4989,0.382978723,0.0036,0.00713295,0.0058,,,,,,,,,
0.02,120,0,0.4944,0.195652174,0.0036,0.007069914,0.0148,,,,,,,,,
0.05,70,0,0.4987,0.361702128,0.0034,0.006736675,0.006,,,,,,,,,
0.09,320,0.0003,0.4981,0.320754717,0.0034,0.006728676,0.0072,,,,,,,,,
0.05,60,0,0.4672,0.049450549,0.0036,0.006711409,0.0692,,,,,,,,,
0.12,50,0.0001,0.4583,0.035634744,0.0032,0.005872637,0.0866,,,,,,,,,
0.2,120,0.0014,0.499,0.368421053,0.0028,0.005557761,0.0048,,,,,,,,,
0.15,330,0,0.4963,0.206349206,0.0026,0.005135295,0.01,,,,,,,,,
0.02,10,0,0.499,0.352941176,0.0024,0.00476758,0.0044,,,,,,,,,
0.05,280,0,0.5009,0.909090909,0.002,0.003991219,0.0002,,,,,,,,,
0.09,400,0.0015,0.4903,0.085470085,0.002,0.00390854,0.0214,,,,,,,,,
0.06,350,0,0.5001,0.533333333,0.0016,0.003190429,0.0014,,,,,,,,,
0.03,170,0.0014,0.4971,0.177777778,0.0016,0.003171457,0.0074,,,,,,,,,
0.07,490,0.0085,0.4968,0.166666667,0.0016,0.003169572,0.008,,,,,,,,,
0.02,430,0.0014,0.4593,0.01891253,0.0016,0.002950396,0.083,,,,,,,,,
0.02,180,0,0.5005,0.777777778,0.0014,0.002794969,0.0004,,,,,,,,,
0.16,440,0,0.5005,0.777777778,0.0014,0.002794969,0.0004,,,,,,,,,
0.17,490,0,0.5002,0.583333333,0.0014,0.002793296,0.001,,,,,,,,,
0.06,220,0,0.5,0.5,0.0014,0.002792182,0.0014,,,,,,,,,
0.11,90,0.004,0.5,0.5,0.0014,0.002792182,0.0014,,,,,,,,,
0.18,160,0,0.5,0.5,0.0014,0.002792182,0.0014,,,,,,,,,
0.04,120,0.0027,0.4997,0.411764706,0.0014,0.002790512,0.002,,,,,,,,,
0.04,280,0.0014,0.4992,0.318181818,0.0014,0.002787734,0.003,,,,,,,,,
0.14,140,0,0.4984,0.233333333,0.0014,0.0027833,0.0046,,,,,,,,,
0.06,100,0.0001,0.4663,0.01994302,0.0014,0.002616333,0.0688,,,,,,,,,
0.03,480,0,0.5005,0.857142857,0.0012,0.002396645,0.0002,,,,,,,,,
0.05,40,0,0.4999,0.461538462,0.0012,0.002393776,0.0014,,,,,,,,,
0.02,70,0,0.4988,0.25,0.0012,0.002388535,0.0036,,,,,,,,,
0.01,210,0,0.5004,0.833333333,0.001,0.001997603,0.0002,,,,,,,,,
0.08,10,0,0.5004,0.833333333,0.001,0.001997603,0.0002,,,,,,,,,
0.02,190,0.0014,0.4998,0.416666667,0.001,0.001995211,0.0014,,,,,,,,,
0.16,240,0,0.4996,0.357142857,0.001,0.001994416,0.0018,,,,,,,,,
0.09,170,0.0018,0.4994,0.3125,0.001,0.00199362,0.0022,,,,,,,,,
0.19,480,0,0.5003,0.8,0.0008,0.001598402,0.0002,,,,,,,,,
0.2,100,0.0014,0.4997,0.363636364,0.0008,0.001596488,0.0014,,,,,,,,,
0.01,30,0,0.4989,0.210526316,0.0008,0.001593943,0.003,,,,,,,,,
0.18,240,0,0.4982,0.153846154,0.0008,0.001591723,0.0044,,,,,,,,,
0.06,430,0,0.4673,0.011940299,0.0008,0.001499531,0.0662,,,,,,,,,
0.06,480,0.0002,0.4996,0.3,0.0006,0.001197605,0.0014,,,,,,,,,
0.11,170,0.0008,0.4993,0.230769231,0.0006,0.001196888,0.002,,,,,,,,,
0.06,150,0,0.5002,1,0.0004,0.00079968,0,,,,,,,,,
0.07,60,0,0.5002,1,0.0004,0.00079968,0,,,,,,,,,
0.03,40,0,0.5,0.5,0.0004,0.000799361,0.0004,,,,,,,,,
0.02,20,0,0.4997,0.285714286,0.0004,0.000798882,0.001,,,,,,,,,
0.04,220,0,0.4995,0.222222222,0.0004,0.000798563,0.0014,,,,,,,,,
0.01,360,0,0.499,0.142857143,0.0004,0.000797766,0.0024,,,,,,,,,
0.02,100,0,0.4955,0.040816327,0.0004,0.000792236,0.0094,,,,,,,,,
0.01,270,0,0.5001,1,0.0002,0.00039992,0,,,,,,,,,
0.02,340,0,0.5001,1,0.0002,0.00039992,0,,,,,,,,,
0.02,500,0,0.5001,1,0.0002,0.00039992,0,,,,,,,,,
0.03,360,0,0.5001,1,0.0002,0.00039992,0,,,,,,,,,
0.04,440,0,0.5001,1,0.0002,0.00039992,0,,,,,,,,,
0.05,90,0,0.5001,1,0.0002,0.00039992,0,,,,,,,,,
0.05,140,0,0.5001,1,0.0002,0.00039992,0,,,,,,,,,
0.06,360,0,0.5001,1,0.0002,0.00039992,0,,,,,,,,,
0.06,380,0,0.5001,1,0.0002,0.00039992,0,,,,,,,,,
0.07,270,0,0.5001,1,0.0002,0.00039992,0,,,,,,,,,
0.09,460,0,0.5001,1,0.0002,0.00039992,0,,,,,,,,,
0.1,70,0,0.5001,1,0.0002,0.00039992,0,,,,,,,,,
0.12,100,0,0.5001,1,0.0002,0.00039992,0,,,,,,,,,
0.13,40,0,0.5001,1,0.0002,0.00039992,0,,,,,,,,,
0.15,240,0,0.5001,1,0.0002,0.00039992,0,,,,,,,,,
0.16,90,0,0.5001,1,0.0002,0.00039992,0,,,,,,,,,
0.17,10,0,0.5001,1,0.0002,0.00039992,0,,,,,,,,,
0.19,20,0,0.5001,1,0.0002,0.00039992,0,,,,,,,,,
0.19,440,0,0.5001,1,0.0002,0.00039992,0,,,,,,,,,
0.23,250,0,0.5001,1,0.0002,0.00039992,0,,,,,,,,,
0.34,110,0,0.5001,1,0.0002,0.00039992,0,,,,,,,,,
0.03,500,0,0.5,0.5,0.0002,0.00039984,0.0002,,,,,,,,,
0.04,50,0,0.5,0.5,0.0002,0.00039984,0.0002,,,,,,,,,
0.32,400,0,0.5,0.5,0.0002,0.00039984,0.0002,,,,,,,,,
0.01,70,0,0.4999,0.333333333,0.0002,0.00039976,0.0004,,,,,,,,,
0.01,440,0,0.4999,0.333333333,0.0002,0.00039976,0.0004,,,,,,,,,
0.03,120,0,0.4999,0.333333333,0.0002,0.00039976,0.0004,,,,,,,,,
0.12,230,0,0.4999,0.333333333,0.0002,0.00039976,0.0004,,,,,,,,,
0.15,70,0,0.4999,0.333333333,0.0002,0.00039976,0.0004,,,,,,,,,
0.15,320,0,0.4999,0.333333333,0.0002,0.00039976,0.0004,,,,,,,,,
0.2,440,0,0.4999,0.333333333,0.0002,0.00039976,0.0004,,,,,,,,,
0.21,30,0,0.4999,0.333333333,0.0002,0.00039976,0.0004,,,,,,,,,
0.36,90,0,0.4999,0.333333333,0.0002,0.00039976,0.0004,,,,,,,,,
0.01,130,0,0.4998,0.25,0.0002,0.00039968,0.0006,,,,,,,,,
0.05,320,0,0.4998,0.25,0.0002,0.00039968,0.0006,,,,,,,,,
0.07,70,0,0.4998,0.25,0.0002,0.00039968,0.0006,,,,,,,,,
0.11,250,0,0.4998,0.25,0.0002,0.00039968,0.0006,,,,,,,,,
0.12,150,0,0.4998,0.25,0.0002,0.00039968,0.0006,,,,,,,,,
0.13,170,0,0.4998,0.25,0.0002,0.00039968,0.0006,,,,,,,,,
0.2,330,0,0.4998,0.25,0.0002,0.00039968,0.0006,,,,,,,,,
0.08,420,0,0.4996,0.166666667,0.0002,0.000399521,0.001,,,,,,,,,
0.11,150,0,0.4996,0.166666667,0.0002,0.000399521,0.001,,,,,,,,,
0.02,450,0,0.4995,0.142857143,0.0002,0.000399441,0.0012,,,,,,,,,
0.08,250,0.0002,0.4995,0.142857143,0.0002,0.000399441,0.0012,,,,,,,,,
0.11,500,0,0.4995,0.142857143,0.0002,0.000399441,0.0012,,,,,,,,,
0.06,40,0,0.4994,0.125,0.0002,0.000399361,0.0014,,,,,,,,,
0.22,320,0,0.4994,0.125,0.0002,0.000399361,0.0014,,,,,,,,,
0.03,150,0,0.499,0.083333333,0.0002,0.000399042,0.0022,,,,,,,,,
0.01,460,0,0.4672,0.003030303,0.0002,0.000375235,0.0658,,,,,,,,,
0.01,150,0.0001,0.4656,0.002890173,0.0002,0.000374111,0.069,,,,,,,,,
0.01,10,0,0.5,0,0,0,0,,,,,,,,,
0.01,20,0,0.5,0,0,0,0,,,,,,,,,
0.01,40,0,0.5,0,0,0,0,,,,,,,,,
0.01,50,0,0.5,0,0,0,0,,,,,,,,,
0.01,60,0,0.5,0,0,0,0,,,,,,,,,
0.01,80,0,0.5,0,0,0,0,,,,,,,,,
0.01,90,0,0.5,0,0,0,0,,,,,,,,,
0.01,100,0,0.5,0,0,0,0,,,,,,,,,
0.01,110,0,0.5,0,0,0,0,,,,,,,,,
0.01,120,0,0.5,0,0,0,0,,,,,,,,,
0.01,140,0,0.5,0,0,0,0,,,,,,,,,
0.01,160,0,0.5,0,0,0,0,,,,,,,,,
0.01,170,0,0.5,0,0,0,0,,,,,,,,,
0.01,180,0,0.5,0,0,0,0,,,,,,,,,
0.01,190,0,0.5,0,0,0,0,,,,,,,,,
0.01,200,0,0.5,0,0,0,0,,,,,,,,,
0.01,220,0,0.5,0,0,0,0,,,,,,,,,
0.01,230,0,0.5,0,0,0,0,,,,,,,,,
0.01,240,0,0.5,0,0,0,0,,,,,,,,,
0.01,250,0,0.5,0,0,0,0,,,,,,,,,
0.01,290,0,0.5,0,0,0,0,,,,,,,,,
0.01,300,0,0.4999,0,0,0,0.0002,,,,,,,,,
0.01,310,0,0.5,0,0,0,0,,,,,,,,,
0.01,320,0,0.5,0,0,0,0,,,,,,,,,
0.01,330,0,0.4993,0,0,0,0.0014,,,,,,,,,
0.01,340,0,0.5,0,0,0,0,,,,,,,,,
0.01,350,0,0.5,0,0,0,0,,,,,,,,,
0.01,370,0,0.5,0,0,0,0,,,,,,,,,
0.01,380,0,0.5,0,0,0,0,,,,,,,,,
0.01,390,0,0.5,0,0,0,0,,,,,,,,,
0.01,400,0,0.5,0,0,0,0,,,,,,,,,
0.01,410,0,0.5,0,0,0,0,,,,,,,,,
0.01,420,0,0.5,0,0,0,0,,,,,,,,,
0.01,430,0,0.5,0,0,0,0,,,,,,,,,
0.01,450,0,0.5,0,0,0,0,,,,,,,,,
0.01,470,0,0.5,0,0,0,0,,,,,,,,,
0.01,480,0,0.5,0,0,0,0,,,,,,,,,
0.01,490,0,0.5,0,0,0,0,,,,,,,,,
0.01,500,0,0.5,0,0,0,0,,,,,,,,,
0.02,30,0,0.5,0,0,0,0,,,,,,,,,
0.02,40,0,0.4996,0,0,0,0.0008,,,,,,,,,
0.02,50,0,0.5,0,0,0,0,,,,,,,,,
0.02,60,0,0.5,0,0,0,0,,,,,,,,,
0.02,80,0,0.5,0,0,0,0,,,,,,,,,
0.02,90,0,0.5,0,0,0,0,,,,,,,,,
0.02,110,0,0.5,0,0,0,0,,,,,,,,,
0.02,130,0,0.5,0,0,0,0,,,,,,,,,
0.02,140,0,0.5,0,0,0,0,,,,,,,,,
0.02,150,0,0.5,0,0,0,0,,,,,,,,,
0.02,160,0,0.5,0,0,0,0,,,,,,,,,
0.02,170,0,0.5,0,0,0,0,,,,,,,,,
0.02,200,0,0.4999,0,0,0,0.0002,,,,,,,,,
0.02,210,0,0.5,0,0,0,0,,,,,,,,,
0.02,220,0,0.4999,0,0,0,0.0002,,,,,,,,,
0.02,240,0,0.5,0,0,0,0,,,,,,,,,
0.02,250,0,0.5,0,0,0,0,,,,,,,,,
0.02,260,0,0.5,0,0,0,0,,,,,,,,,
0.02,270,0,0.5,0,0,0,0,,,,,,,,,
0.02,280,0,0.4996,0,0,0,0.0008,,,,,,,,,
0.02,290,0,0.5,0,0,0,0,,,,,,,,,
0.02,300,0,0.5,0,0,0,0,,,,,,,,,
0.02,310,0,0.5,0,0,0,0,,,,,,,,,
0.02,320,0,0.4995,0,0,0,0.001,,,,,,,,,
0.02,330,0,0.5,0,0,0,0,,,,,,,,,
0.02,350,0,0.5,0,0,0,0,,,,,,,,,
0.02,370,0,0.5,0,0,0,0,,,,,,,,,
0.02,380,0,0.5,0,0,0,0,,,,,,,,,
0.02,400,0,0.5,0,0,0,0,,,,,,,,,
0.02,410,0,0.5,0,0,0,0,,,,,,,,,
0.02,440,0,0.5,0,0,0,0,,,,,,,,,
0.02,460,0,0.5,0,0,0,0,,,,,,,,,
0.02,470,0,0.5,0,0,0,0,,,,,,,,,
0.02,480,0,0.5,0,0,0,0,,,,,,,,,
0.03,10,0,0.5,0,0,0,0,,,,,,,,,
0.03,20,0,0.5,0,0,0,0,,,,,,,,,
0.03,30,0,0.5,0,0,0,0,,,,,,,,,
0.03,50,0,0.5,0,0,0,0,,,,,,,,,
0.03,60,0,0.5,0,0,0,0,,,,,,,,,
0.03,70,0,0.5,0,0,0,0,,,,,,,,,
0.03,90,0,0.4999,0,0,0,0.0002,,,,,,,,,
0.03,100,0,0.5,0,0,0,0,,,,,,,,,
0.03,110,0,0.5,0,0,0,0,,,,,,,,,
0.03,130,0,0.5,0,0,0,0,,,,,,,,,
0.03,160,0,0.5,0,0,0,0,,,,,,,,,
0.03,180,0,0.5,0,0,0,0,,,,,,,,,
0.03,190,0,0.5,0,0,0,0,,,,,,,,,
0.03,200,0,0.5,0,0,0,0,,,,,,,,,
0.03,210,0,0.5,0,0,0,0,,,,,,,,,
0.03,220,0,0.5,0,0,0,0,,,,,,,,,
0.03,230,0,0.5,0,0,0,0,,,,,,,,,
0.03,240,0,0.5,0,0,0,0,,,,,,,,,
0.03,250,0,0.5,0,0,0,0,,,,,,,,,
0.03,260,0,0.5,0,0,0,0,,,,,,,,,
0.03,270,0,0.5,0,0,0,0,,,,,,,,,
0.03,280,0,0.5,0,0,0,0,,,,,,,,,
0.03,290,0,0.5,0,0,0,0,,,,,,,,,
0.03,300,0,0.5,0,0,0,0,,,,,,,,,
0.03,310,0,0.5,0,0,0,0,,,,,,,,,
0.03,320,0,0.4999,0,0,0,0.0002,,,,,,,,,
0.03,330,0,0.5,0,0,0,0,,,,,,,,,
0.03,340,0,0.5,0,0,0,0,,,,,,,,,
0.03,350,0,0.5,0,0,0,0,,,,,,,,,
0.03,370,0,0.5,0,0,0,0,,,,,,,,,
0.03,380,0,0.5,0,0,0,0,,,,,,,,,
0.03,390,0,0.5,0,0,0,0,,,,,,,,,
0.03,410,0,0.5,0,0,0,0,,,,,,,,,
0.03,420,0,0.4998,0,0,0,0.0004,,,,,,,,,
0.03,430,0,0.5,0,0,0,0,,,,,,,,,
0.03,440,0,0.5,0,0,0,0,,,,,,,,,
0.03,450,0,0.5,0,0,0,0,,,,,,,,,
0.03,460,0,0.5,0,0,0,0,,,,,,,,,
0.03,470,0,0.5,0,0,0,0,,,,,,,,,
0.03,490,0,0.5,0,0,0,0,,,,,,,,,
0.04,10,0,0.5,0,0,0,0,,,,,,,,,
0.04,20,0,0.5,0,0,0,0,,,,,,,,,
0.04,30,0,0.5,0,0,0,0,,,,,,,,,
0.04,40,0,0.5,0,0,0,0,,,,,,,,,
0.04,60,0,0.5,0,0,0,0,,,,,,,,,
0.04,70,0,0.5,0,0,0,0,,,,,,,,,
0.04,80,0,0.5,0,0,0,0,,,,,,,,,
0.04,90,0,0.5,0,0,0,0,,,,,,,,,
0.04,100,0,0.5,0,0,0,0,,,,,,,,,
0.04,110,0,0.5,0,0,0,0,,,,,,,,,
0.04,140,0,0.5,0,0,0,0,,,,,,,,,
0.04,150,0,0.5,0,0,0,0,,,,,,,,,
0.04,160,0,0.5,0,0,0,0,,,,,,,,,
0.04,170,0,0.5,0,0,0,0,,,,,,,,,
0.04,180,0,0.5,0,0,0,0,,,,,,,,,
0.04,190,0,0.5,0,0,0,0,,,,,,,,,
0.04,200,0,0.5,0,0,0,0,,,,,,,,,
0.04,210,0,0.5,0,0,0,0,,,,,,,,,
0.04,230,0,0.5,0,0,0,0,,,,,,,,,
0.04,240,0,0.4999,0,0,0,0.0002,,,,,,,,,
0.04,250,0,0.5,0,0,0,0,,,,,,,,,
0.04,260,0,0.5,0,0,0,0,,,,,,,,,
0.04,270,0,0.5,0,0,0,0,,,,,,,,,
0.04,290,0,0.5,0,0,0,0,,,,,,,,,
0.04,300,0,0.5,0,0,0,0,,,,,,,,,
0.04,310,0,0.5,0,0,0,0,,,,,,,,,
0.04,320,0,0.5,0,0,0,0,,,,,,,,,
0.04,330,0,0.5,0,0,0,0,,,,,,,,,
0.04,340,0,0.5,0,0,0,0,,,,,,,,,
0.04,350,0,0.5,0,0,0,0,,,,,,,,,
0.04,360,0,0.5,0,0,0,0,,,,,,,,,
0.04,370,0,0.5,0,0,0,0,,,,,,,,,
0.04,380,0,0.5,0,0,0,0,,,,,,,,,
0.04,390,0,0.5,0,0,0,0,,,,,,,,,
0.04,400,0,0.5,0,0,0,0,,,,,,,,,
0.04,410,0,0.5,0,0,0,0,,,,,,,,,
0.04,420,0,0.5,0,0,0,0,,,,,,,,,
0.04,430,0,0.5,0,0,0,0,,,,,,,,,
0.04,450,0,0.5,0,0,0,0,,,,,,,,,
0.04,460,0,0.5,0,0,0,0,,,,,,,,,
0.04,470,0,0.5,0,0,0,0,,,,,,,,,
0.04,480,0,0.5,0,0,0,0,,,,,,,,,
0.04,490,0,0.5,0,0,0,0,,,,,,,,,
0.04,500,0,0.5,0,0,0,0,,,,,,,,,
0.05,10,0,0.5,0,0,0,0,,,,,,,,,
0.05,20,0,0.5,0,0,0,0,,,,,,,,,
0.05,30,0,0.5,0,0,0,0,,,,,,,,,
0.05,50,0,0.5,0,0,0,0,,,,,,,,,
0.05,80,0,0.5,0,0,0,0,,,,,,,,,
0.05,100,0,0.5,0,0,0,0,,,,,,,,,
0.05,110,0,0.5,0,0,0,0,,,,,,,,,
0.05,120,0,0.5,0,0,0,0,,,,,,,,,
0.05,130,0,0.5,0,0,0,0,,,,,,,,,
0.05,150,0,0.5,0,0,0,0,,,,,,,,,
0.05,160,0,0.5,0,0,0,0,,,,,,,,,
0.05,170,0,0.5,0,0,0,0,,,,,,,,,
0.05,180,0,0.5,0,0,0,0,,,,,,,,,
0.05,190,0,0.5,0,0,0,0,,,,,,,,,
0.05,200,0,0.5,0,0,0,0,,,,,,,,,
0.05,210,0,0.4999,0,0,0,0.0002,,,,,,,,,
0.05,230,0,0.5,0,0,0,0,,,,,,,,,
0.05,240,0,0.5,0,0,0,0,,,,,,,,,
0.05,250,0,0.5,0,0,0,0,,,,,,,,,
0.05,260,0,0.5,0,0,0,0,,,,,,,,,
0.05,270,0,0.5,0,0,0,0,,,,,,,,,
0.05,290,0,0.5,0,0,0,0,,,,,,,,,
0.05,300,0,0.5,0,0,0,0,,,,,,,,,
0.05,310,0,0.5,0,0,0,0,,,,,,,,,
0.05,330,0,0.5,0,0,0,0,,,,,,,,,
0.05,340,0,0.5,0,0,0,0,,,,,,,,,
0.05,350,0,0.5,0,0,0,0,,,,,,,,,
0.05,360,0,0.5,0,0,0,0,,,,,,,,,
0.05,370,0,0.5,0,0,0,0,,,,,,,,,
0.05,380,0,0.5,0,0,0,0,,,,,,,,,
0.05,390,0,0.5,0,0,0,0,,,,,,,,,
0.05,410,0,0.4997,0,0,0,0.0006,,,,,,,,,
0.05,420,0,0.5,0,0,0,0,,,,,,,,,
0.05,430,0,0.5,0,0,0,0,,,,,,,,,
0.05,440,0,0.5,0,0,0,0,,,,,,,,,
0.05,450,0,0.5,0,0,0,0,,,,,,,,,
0.05,460,0,0.5,0,0,0,0,,,,,,,,,
0.05,470,0,0.5,0,0,0,0,,,,,,,,,
0.05,480,0,0.5,0,0,0,0,,,,,,,,,
0.05,490,0,0.5,0,0,0,0,,,,,,,,,
0.05,500,0,0.5,0,0,0,0,,,,,,,,,
0.06,10,0,0.5,0,0,0,0,,,,,,,,,
0.06,20,0,0.5,0,0,0,0,,,,,,,,,
0.06,30,0,0.5,0,0,0,0,,,,,,,,,
0.06,50,0,0.5,0,0,0,0,,,,,,,,,
0.06,60,0,0.5,0,0,0,0,,,,,,,,,
0.06,70,0,0.5,0,0,0,0,,,,,,,,,
0.06,80,0,0.5,0,0,0,0,,,,,,,,,
0.06,90,0,0.5,0,0,0,0,,,,,,,,,
0.06,110,0,0.5,0,0,0,0,,,,,,,,,
0.06,120,0,0.5,0,0,0,0,,,,,,,,,
0.06,130,0,0.5,0,0,0,0,,,,,,,,,
0.06,140,0,0.4996,0,0,0,0.0008,,,,,,,,,
0.06,160,0,0.5,0,0,0,0,,,,,,,,,
0.06,170,0,0.5,0,0,0,0,,,,,,,,,
0.06,180,0,0.5,0,0,0,0,,,,,,,,,
0.06,190,0,0.5,0,0,0,0,,,,,,,,,
0.06,200,0,0.5,0,0,0,0,,,,,,,,,
0.06,210,0,0.5,0,0,0,0,,,,,,,,,
0.06,230,0,0.4995,0,0,0,0.001,,,,,,,,,
0.06,240,0,0.5,0,0,0,0,,,,,,,,,
0.06,250,0,0.5,0,0,0,0,,,,,,,,,
0.06,260,0,0.5,0,0,0,0,,,,,,,,,
0.06,270,0,0.5,0,0,0,0,,,,,,,,,
0.06,280,0,0.5,0,0,0,0,,,,,,,,,
0.06,290,0,0.5,0,0,0,0,,,,,,,,,
0.06,300,0,0.5,0,0,0,0,,,,,,,,,
0.06,310,0,0.5,0,0,0,0,,,,,,,,,
0.06,320,0,0.5,0,0,0,0,,,,,,,,,
0.06,330,0,0.5,0,0,0,0,,,,,,,,,
0.06,340,0,0.5,0,0,0,0,,,,,,,,,
0.06,370,0,0.5,0,0,0,0,,,,,,,,,
0.06,390,0,0.5,0,0,0,0,,,,,,,,,
0.06,400,0,0.5,0,0,0,0,,,,,,,,,
0.06,420,0,0.5,0,0,0,0,,,,,,,,,
0.06,440,0,0.5,0,0,0,0,,,,,,,,,
0.06,450,0,0.5,0,0,0,0,,,,,,,,,
0.06,460,0,0.5,0,0,0,0,,,,,,,,,
0.06,470,0,0.4993,0,0,0,0.0014,,,,,,,,,
0.06,490,0,0.5,0,0,0,0,,,,,,,,,
0.06,500,0,0.5,0,0,0,0,,,,,,,,,
0.07,10,0,0.5,0,0,0,0,,,,,,,,,
0.07,20,0,0.5,0,0,0,0,,,,,,,,,
0.07,30,0,0.5,0,0,0,0,,,,,,,,,
0.07,40,0,0.5,0,0,0,0,,,,,,,,,
0.07,50,0,0.5,0,0,0,0,,,,,,,,,
0.07,80,0,0.5,0,0,0,0,,,,,,,,,
0.07,90,0,0.5,0,0,0,0,,,,,,,,,
0.07,110,0,0.5,0,0,0,0,,,,,,,,,
0.07,120,0,0.5,0,0,0,0,,,,,,,,,
0.07,130,0,0.5,0,0,0,0,,,,,,,,,
0.07,140,0,0.5,0,0,0,0,,,,,,,,,
0.07,150,0.0001,0.4997,0,0,0,0.0006,,,,,,,,,
0.07,160,0,0.5,0,0,0,0,,,,,,,,,
0.07,170,0,0.5,0,0,0,0,,,,,,,,,
0.07,180,0,0.5,0,0,0,0,,,,,,,,,
0.07,190,0,0.5,0,0,0,0,,,,,,,,,
0.07,200,0,0.5,0,0,0,0,,,,,,,,,
0.07,210,0,0.5,0,0,0,0,,,,,,,,,
0.07,220,0,0.5,0,0,0,0,,,,,,,,,
0.07,230,0,0.5,0,0,0,0,,,,,,,,,
0.07,240,0,0.5,0,0,0,0,,,,,,,,,
0.07,250,0,0.5,0,0,0,0,,,,,,,,,
0.07,260,0,0.5,0,0,0,0,,,,,,,,,
0.07,280,0,0.5,0,0,0,0,,,,,,,,,
0.07,290,0,0.5,0,0,0,0,,,,,,,,,
0.07,300,0,0.5,0,0,0,0,,,,,,,,,
0.07,310,0,0.5,0,0,0,0,,,,,,,,,
0.07,320,0,0.5,0,0,0,0,,,,,,,,,
0.07,330,0,0.5,0,0,0,0,,,,,,,,,
0.07,340,0,0.5,0,0,0,0,,,,,,,,,
0.07,350,0,0.5,0,0,0,0,,,,,,,,,
0.07,360,0,0.5,0,0,0,0,,,,,,,,,
0.07,370,0,0.5,0,0,0,0,,,,,,,,,
0.07,380,0,0.5,0,0,0,0,,,,,,,,,
0.07,390,0,0.5,0,0,0,0,,,,,,,,,
0.07,400,0,0.5,0,0,0,0,,,,,,,,,
0.07,410,0,0.5,0,0,0,0,,,,,,,,,
0.07,420,0,0.5,0,0,0,0,,,,,,,,,
0.07,430,0,0.5,0,0,0,0,,,,,,,,,
0.07,440,0,0.5,0,0,0,0,,,,,,,,,
0.07,450,0,0.5,0,0,0,0,,,,,,,,,
0.07,470,0,0.5,0,0,0,0,,,,,,,,,
0.07,480,0,0.5,0,0,0,0,,,,,,,,,
0.07,500,0,0.4999,0,0,0,0.0002,,,,,,,,,
0.08,20,0,0.5,0,0,0,0,,,,,,,,,
0.08,30,0,0.5,0,0,0,0,,,,,,,,,
0.08,40,0,0.4999,0,0,0,0.0002,,,,,,,,,
0.08,50,0,0.4994,0,0,0,0.0012,,,,,,,,,
0.08,60,0,0.5,0,0,0,0,,,,,,,,,
0.08,70,0,0.5,0,0,0,0,,,,,,,,,
0.08,80,0,0.5,0,0,0,0,,,,,,,,,
0.08,90,0,0.5,0,0,0,0,,,,,,,,,
0.08,100,0,0.5,0,0,0,0,,,,,,,,,
0.08,110,0,0.5,0,0,0,0,,,,,,,,,
0.08,120,0,0.5,0,0,0,0,,,,,,,,,
0.08,130,0,0.5,0,0,0,0,,,,,,,,,
0.08,140,0,0.5,0,0,0,0,,,,,,,,,
0.08,150,0,0.4999,0,0,0,0.0002,,,,,,,,,
0.08,160,0,0.5,0,0,0,0,,,,,,,,,
0.08,180,0,0.5,0,0,0,0,,,,,,,,,
0.08,190,0,0.5,0,0,0,0,,,,,,,,,
0.08,200,0,0.5,0,0,0,0,,,,,,,,,
0.08,210,0,0.5,0,0,0,0,,,,,,,,,
0.08,220,0,0.5,0,0,0,0,,,,,,,,,
0.08,230,0,0.5,0,0,0,0,,,,,,,,,
0.08,240,0,0.5,0,0,0,0,,,,,,,,,
0.08,260,0,0.5,0,0,0,0,,,,,,,,,
0.08,270,0,0.5,0,0,0,0,,,,,,,,,
0.08,280,0,0.5,0,0,0,0,,,,,,,,,
0.08,290,0,0.5,0,0,0,0,,,,,,,,,
0.08,300,0,0.5,0,0,0,0,,,,,,,,,
0.08,310,0,0.5,0,0,0,0,,,,,,,,,
0.08,320,0,0.5,0,0,0,0,,,,,,,,,
0.08,330,0,0.5,0,0,0,0,,,,,,,,,
0.08,340,0,0.5,0,0,0,0,,,,,,,,,
0.08,350,0,0.5,0,0,0,0,,,,,,,,,
0.08,360,0,0.5,0,0,0,0,,,,,,,,,
0.08,370,0,0.5,0,0,0,0,,,,,,,,,
0.08,390,0,0.5,0,0,0,0,,,,,,,,,
0.08,400,0,0.5,0,0,0,0,,,,,,,,,
0.08,410,0,0.4999,0,0,0,0.0002,,,,,,,,,
0.08,430,0,0.5,0,0,0,0,,,,,,,,,
0.08,440,0,0.5,0,0,0,0,,,,,,,,,
0.08,450,0,0.5,0,0,0,0,,,,,,,,,
0.08,460,0,0.5,0,0,0,0,,,,,,,,,
0.08,470,0,0.5,0,0,0,0,,,,,,,,,
0.08,480,0,0.5,0,0,0,0,,,,,,,,,
0.08,490,0,0.5,0,0,0,0,,,,,,,,,
0.08,500,0,0.5,0,0,0,0,,,,,,,,,
0.09,10,0,0.5,0,0,0,0,,,,,,,,,
0.09,20,0,0.5,0,0,0,0,,,,,,,,,
0.09,30,0,0.5,0,0,0,0,,,,,,,,,
0.09,40,0,0.5,0,0,0,0,,,,,,,,,
0.09,50,0,0.5,0,0,0,0,,,,,,,,,
0.09,60,0,0.5,0,0,0,0,,,,,,,,,
0.09,70,0,0.5,0,0,0,0,,,,,,,,,
0.09,80,0,0.5,0,0,0,0,,,,,,,,,
0.09,90,0,0.5,0,0,0,0,,,,,,,,,
0.09,100,0,0.5,0,0,0,0,,,,,,,,,
0.09,110,0,0.5,0,0,0,0,,,,,,,,,
0.09,120,0,0.5,0,0,0,0,,,,,,,,,
0.09,130,0,0.5,0,0,0,0,,,,,,,,,
0.09,140,0,0.5,0,0,0,0,,,,,,,,,
0.09,150,0,0.5,0,0,0,0,,,,,,,,,
0.09,160,0,0.5,0,0,0,0,,,,,,,,,
0.09,180,0,0.5,0,0,0,0,,,,,,,,,
0.09,190,0,0.5,0,0,0,0,,,,,,,,,
0.09,200,0,0.5,0,0,0,0,,,,,,,,,
0.09,210,0,0.5,0,0,0,0,,,,,,,,,
0.09,220,0,0.5,0,0,0,0,,,,,,,,,
0.09,230,0,0.5,0,0,0,0,,,,,,,,,
0.09,240,0,0.4998,0,0,0,0.0004,,,,,,,,,
0.09,250,0,0.5,0,0,0,0,,,,,,,,,
0.09,260,0,0.5,0,0,0,0,,,,,,,,,
0.09,270,0,0.5,0,0,0,0,,,,,,,,,
0.09,280,0,0.5,0,0,0,0,,,,,,,,,
0.09,290,0,0.5,0,0,0,0,,,,,,,,,
0.09,300,0,0.5,0,0,0,0,,,,,,,,,
0.09,310,0,0.5,0,0,0,0,,,,,,,,,
0.09,330,0,0.5,0,0,0,0,,,,,,,,,
0.09,340,0,0.5,0,0,0,0,,,,,,,,,
0.09,350,0,0.5,0,0,0,0,,,,,,,,,
0.09,360,0,0.5,0,0,0,0,,,,,,,,,
0.09,370,0,0.5,0,0,0,0,,,,,,,,,
0.09,380,0,0.5,0,0,0,0,,,,,,,,,
0.09,390,0,0.5,0,0,0,0,,,,,,,,,
0.09,410,0,0.5,0,0,0,0,,,,,,,,,
0.09,420,0,0.5,0,0,0,0,,,,,,,,,
0.09,430,0,0.5,0,0,0,0,,,,,,,,,
0.09,440,0,0.5,0,0,0,0,,,,,,,,,
0.09,450,0,0.5,0,0,0,0,,,,,,,,,
0.09,470,0,0.5,0,0,0,0,,,,,,,,,
0.09,480,0,0.5,0,0,0,0,,,,,,,,,
0.09,490,0,0.5,0,0,0,0,,,,,,,,,
0.09,500,0,0.5,0,0,0,0,,,,,,,,,
0.1,20,0,0.5,0,0,0,0,,,,,,,,,
0.1,30,0,0.5,0,0,0,0,,,,,,,,,
0.1,40,0,0.5,0,0,0,0,,,,,,,,,
0.1,50,0,0.5,0,0,0,0,,,,,,,,,
0.1,60,0,0.5,0,0,0,0,,,,,,,,,
0.1,80,0,0.5,0,0,0,0,,,,,,,,,
0.1,90,0,0.5,0,0,0,0,,,,,,,,,
0.1,100,0,0.5,0,0,0,0,,,,,,,,,
0.1,110,0,0.5,0,0,0,0,,,,,,,,,
0.1,120,0,0.5,0,0,0,0,,,,,,,,,
0.1,130,0,0.5,0,0,0,0,,,,,,,,,
0.1,140,0,0.5,0,0,0,0,,,,,,,,,
0.1,150,0,0.5,0,0,0,0,,,,,,,,,
0.1,160,0,0.5,0,0,0,0,,,,,,,,,
0.1,170,0,0.5,0,0,0,0,,,,,,,,,
0.1,180,0,0.5,0,0,0,0,,,,,,,,,
0.1,190,0,0.5,0,0,0,0,,,,,,,,,
0.1,200,0,0.5,0,0,0,0,,,,,,,,,
0.1,210,0,0.5,0,0,0,0,,,,,,,,,
0.1,220,0,0.5,0,0,0,0,,,,,,,,,
0.1,230,0,0.5,0,0,0,0,,,,,,,,,
0.1,240,0,0.5,0,0,0,0,,,,,,,,,
0.1,250,0,0.5,0,0,0,0,,,,,,,,,
0.1,260,0,0.5,0,0,0,0,,,,,,,,,
0.1,270,0,0.5,0,0,0,0,,,,,,,,,
0.1,280,0,0.5,0,0,0,0,,,,,,,,,
0.1,290,0,0.5,0,0,0,0,,,,,,,,,
0.1,300,0,0.5,0,0,0,0,,,,,,,,,
0.1,310,0,0.5,0,0,0,0,,,,,,,,,
0.1,320,0,0.5,0,0,0,0,,,,,,,,,
0.1,330,0,0.5,0,0,0,0,,,,,,,,,
0.1,340,0,0.5,0,0,0,0,,,,,,,,,
0.1,350,0,0.5,0,0,0,0,,,,,,,,,
0.1,360,0,0.5,0,0,0,0,,,,,,,,,
0.1,370,0,0.5,0,0,0,0,,,,,,,,,
0.1,380,0,0.5,0,0,0,0,,,,,,,,,
0.1,390,0,0.5,0,0,0,0,,,,,,,,,
0.1,400,0,0.5,0,0,0,0,,,,,,,,,
0.1,410,0,0.5,0,0,0,0,,,,,,,,,
0.1,430,0,0.5,0,0,0,0,,,,,,,,,
0.1,440,0,0.5,0,0,0,0,,,,,,,,,
0.1,450,0,0.5,0,0,0,0,,,,,,,,,
0.1,460,0,0.5,0,0,0,0,,,,,,,,,
0.1,480,0,0.5,0,0,0,0,,,,,,,,,
0.1,500,0,0.5,0,0,0,0,,,,,,,,,
0.11,10,0,0.5,0,0,0,0,,,,,,,,,
0.11,20,0,0.5,0,0,0,0,,,,,,,,,
0.11,30,0,0.5,0,0,0,0,,,,,,,,,
0.11,40,0,0.5,0,0,0,0,,,,,,,,,
0.11,50,0,0.5,0,0,0,0,,,,,,,,,
0.11,60,0,0.5,0,0,0,0,,,,,,,,,
0.11,70,0,0.5,0,0,0,0,,,,,,,,,
0.11,80,0,0.5,0,0,0,0,,,,,,,,,
0.11,100,0,0.5,0,0,0,0,,,,,,,,,
0.11,110,0,0.5,0,0,0,0,,,,,,,,,
0.11,120,0,0.5,0,0,0,0,,,,,,,,,
0.11,130,0,0.5,0,0,0,0,,,,,,,,,
0.11,140,0,0.5,0,0,0,0,,,,,,,,,
0.11,160,0,0.5,0,0,0,0,,,,,,,,,
0.11,180,0,0.5,0,0,0,0,,,,,,,,,
0.11,190,0,0.5,0,0,0,0,,,,,,,,,
0.11,200,0,0.5,0,0,0,0,,,,,,,,,
0.11,210,0,0.5,0,0,0,0,,,,,,,,,
0.11,220,0,0.5,0,0,0,0,,,,,,,,,
0.11,230,0,0.5,0,0,0,0,,,,,,,,,
0.11,240,0,0.5,0,0,0,0,,,,,,,,,
0.11,260,0,0.5,0,0,0,0,,,,,,,,,
0.11,270,0,0.5,0,0,0,0,,,,,,,,,
0.11,280,0,0.5,0,0,0,0,,,,,,,,,
0.11,290,0,0.5,0,0,0,0,,,,,,,,,
0.11,300,0,0.5,0,0,0,0,,,,,,,,,
0.11,310,0,0.5,0,0,0,0,,,,,,,,,
0.11,320,0,0.5,0,0,0,0,,,,,,,,,
0.11,330,0,0.5,0,0,0,0,,,,,,,,,
0.11,340,0,0.5,0,0,0,0,,,,,,,,,
0.11,350,0,0.5,0,0,0,0,,,,,,,,,
0.11,360,0,0.5,0,0,0,0,,,,,,,,,
0.11,370,0,0.5,0,0,0,0,,,,,,,,,
0.11,380,0,0.5,0,0,0,0,,,,,,,,,
0.11,390,0,0.5,0,0,0,0,,,,,,,,,
0.11,400,0,0.5,0,0,0,0,,,,,,,,,
0.11,410,0,0.5,0,0,0,0,,,,,,,,,
0.11,420,0,0.5,0,0,0,0,,,,,,,,,
0.11,430,0,0.5,0,0,0,0,,,,,,,,,
0.11,440,0,0.5,0,0,0,0,,,,,,,,,
0.11,450,0,0.5,0,0,0,0,,,,,,,,,
0.11,460,0,0.5,0,0,0,0,,,,,,,,,
0.11,470,0,0.5,0,0,0,0,,,,,,,,,
0.11,480,0,0.5,0,0,0,0,,,,,,,,,
0.11,490,0,0.5,0,0,0,0,,,,,,,,,
0.12,10,0,0.5,0,0,0,0,,,,,,,,,
0.12,20,0,0.5,0,0,0,0,,,,,,,,,
0.12,30,0,0.5,0,0,0,0,,,,,,,,,
0.12,40,0,0.5,0,0,0,0,,,,,,,,,
0.12,60,0,0.5,0,0,0,0,,,,,,,,,
0.12,70,0,0.5,0,0,0,0,,,,,,,,,
0.12,80,0,0.5,0,0,0,0,,,,,,,,,
0.12,90,0,0.5,0,0,0,0,,,,,,,,,
0.12,110,0,0.5,0,0,0,0,,,,,,,,,
0.12,120,0,0.5,0,0,0,0,,,,,,,,,
0.12,130,0,0.5,0,0,0,0,,,,,,,,,
0.12,140,0,0.5,0,0,0,0,,,,,,,,,
0.12,160,0,0.5,0,0,0,0,,,,,,,,,
0.12,170,0,0.5,0,0,0,0,,,,,,,,,
0.12,180,0,0.5,0,0,0,0,,,,,,,,,
0.12,190,0,0.5,0,0,0,0,,,,,,,,,
0.12,200,0,0.5,0,0,0,0,,,,,,,,,
0.12,210,0,0.5,0,0,0,0,,,,,,,,,
0.12,220,0,0.5,0,0,0,0,,,,,,,,,
0.12,240,0,0.5,0,0,0,0,,,,,,,,,
0.12,250,0,0.5,0,0,0,0,,,,,,,,,
0.12,260,0,0.5,0,0,0,0,,,,,,,,,
0.12,270,0,0.5,0,0,0,0,,,,,,,,,
0.12,280,0,0.5,0,0,0,0,,,,,,,,,
0.12,290,0,0.5,0,0,0,0,,,,,,,,,
0.12,300,0,0.5,0,0,0,0,,,,,,,,,
0.12,310,0,0.5,0,0,0,0,,,,,,,,,
0.12,320,0,0.5,0,0,0,0,,,,,,,,,
0.12,330,0,0.5,0,0,0,0,,,,,,,,,
0.12,340,0,0.5,0,0,0,0,,,,,,,,,
0.12,350,0,0.5,0,0,0,0,,,,,,,,,
0.12,360,0,0.5,0,0,0,0,,,,,,,,,
0.12,370,0,0.5,0,0,0,0,,,,,,,,,
0.12,380,0,0.5,0,0,0,0,,,,,,,,,
0.12,390,0,0.5,0,0,0,0,,,,,,,,,
0.12,400,0,0.5,0,0,0,0,,,,,,,,,
0.12,410,0,0.5,0,0,0,0,,,,,,,,,
0.12,420,0,0.5,0,0,0,0,,,,,,,,,
0.12,430,0,0.5,0,0,0,0,,,,,,,,,
0.12,440,0,0.5,0,0,0,0,,,,,,,,,
0.12,450,0,0.5,0,0,0,0,,,,,,,,,
0.12,460,0,0.5,0,0,0,0,,,,,,,,,
0.12,470,0,0.5,0,0,0,0,,,,,,,,,
0.12,480,0,0.5,0,0,0,0,,,,,,,,,
0.12,490,0,0.5,0,0,0,0,,,,,,,,,
0.12,500,0,0.5,0,0,0,0,,,,,,,,,
0.13,10,0,0.5,0,0,0,0,,,,,,,,,
0.13,20,0,0.5,0,0,0,0,,,,,,,,,
0.13,30,0,0.5,0,0,0,0,,,,,,,,,
0.13,50,0,0.5,0,0,0,0,,,,,,,,,
0.13,60,0,0.5,0,0,0,0,,,,,,,,,
0.13,70,0,0.5,0,0,0,0,,,,,,,,,
0.13,80,0,0.5,0,0,0,0,,,,,,,,,
0.13,90,0,0.5,0,0,0,0,,,,,,,,,
0.13,100,0,0.5,0,0,0,0,,,,,,,,,
0.13,110,0,0.5,0,0,0,0,,,,,,,,,
0.13,120,0,0.5,0,0,0,0,,,,,,,,,
0.13,130,0,0.5,0,0,0,0,,,,,,,,,
0.13,140,0,0.5,0,0,0,0,,,,,,,,,
0.13,150,0,0.5,0,0,0,0,,,,,,,,,
0.13,160,0,0.5,0,0,0,0,,,,,,,,,
0.13,180,0,0.5,0,0,0,0,,,,,,,,,
0.13,190,0,0.5,0,0,0,0,,,,,,,,,
0.13,200,0,0.5,0,0,0,0,,,,,,,,,
0.13,210,0,0.5,0,0,0,0,,,,,,,,,
0.13,220,0,0.5,0,0,0,0,,,,,,,,,
0.13,230,0,0.5,0,0,0,0,,,,,,,,,
0.13,240,0,0.5,0,0,0,0,,,,,,,,,
0.13,250,0,0.5,0,0,0,0,,,,,,,,,
0.13,260,0,0.5,0,0,0,0,,,,,,,,,
0.13,270,0,0.5,0,0,0,0,,,,,,,,,
0.13,280,0,0.5,0,0,0,0,,,,,,,,,
0.13,290,0,0.5,0,0,0,0,,,,,,,,,
0.13,300,0,0.5,0,0,0,0,,,,,,,,,
0.13,310,0,0.5,0,0,0,0,,,,,,,,,
0.13,320,0,0.5,0,0,0,0,,,,,,,,,
0.13,330,0,0.5,0,0,0,0,,,,,,,,,
0.13,340,0,0.5,0,0,0,0,,,,,,,,,
0.13,350,0,0.5,0,0,0,0,,,,,,,,,
0.13,370,0,0.5,0,0,0,0,,,,,,,,,
0.13,380,0,0.5,0,0,0,0,,,,,,,,,
0.13,390,0,0.5,0,0,0,0,,,,,,,,,
0.13,400,0,0.5,0,0,0,0,,,,,,,,,
0.13,410,0,0.5,0,0,0,0,,,,,,,,,
0.13,420,0,0.4997,0,0,0,0.0006,,,,,,,,,
0.13,430,0,0.5,0,0,0,0,,,,,,,,,
0.13,440,0,0.5,0,0,0,0,,,,,,,,,
0.13,450,0,0.5,0,0,0,0,,,,,,,,,
0.13,460,0,0.5,0,0,0,0,,,,,,,,,
0.13,470,0,0.5,0,0,0,0,,,,,,,,,
0.13,480,0,0.5,0,0,0,0,,,,,,,,,
0.13,490,0,0.5,0,0,0,0,,,,,,,,,
0.13,500,0,0.5,0,0,0,0,,,,,,,,,
0.14,20,0,0.5,0,0,0,0,,,,,,,,,
0.14,30,0,0.5,0,0,0,0,,,,,,,,,
0.14,40,0,0.5,0,0,0,0,,,,,,,,,
0.14,50,0,0.5,0,0,0,0,,,,,,,,,
0.14,60,0,0.5,0,0,0,0,,,,,,,,,
0.14,70,0,0.5,0,0,0,0,,,,,,,,,
0.14,80,0,0.5,0,0,0,0,,,,,,,,,
0.14,90,0,0.5,0,0,0,0,,,,,,,,,
0.14,100,0,0.5,0,0,0,0,,,,,,,,,
0.14,110,0,0.5,0,0,0,0,,,,,,,,,
0.14,120,0,0.5,0,0,0,0,,,,,,,,,
0.14,130,0,0.5,0,0,0,0,,,,,,,,,
0.14,150,0,0.5,0,0,0,0,,,,,,,,,
0.14,160,0,0.5,0,0,0,0,,,,,,,,,
0.14,170,0,0.5,0,0,0,0,,,,,,,,,
0.14,180,0,0.5,0,0,0,0,,,,,,,,,
0.14,190,0,0.5,0,0,0,0,,,,,,,,,
0.14,200,0,0.5,0,0,0,0,,,,,,,,,
0.14,210,0,0.5,0,0,0,0,,,,,,,,,
0.14,220,0,0.5,0,0,0,0,,,,,,,,,
0.14,230,0,0.5,0,0,0,0,,,,,,,,,
0.14,240,0,0.5,0,0,0,0,,,,,,,,,
0.14,250,0,0.5,0,0,0,0,,,,,,,,,
0.14,260,0,0.5,0,0,0,0,,,,,,,,,
0.14,270,0,0.5,0,0,0,0,,,,,,,,,
0.14,280,0,0.5,0,0,0,0,,,,,,,,,
0.14,290,0,0.5,0,0,0,0,,,,,,,,,
0.14,300,0,0.5,0,0,0,0,,,,,,,,,
0.14,310,0,0.5,0,0,0,0,,,,,,,,,
0.14,320,0,0.5,0,0,0,0,,,,,,,,,
0.14,330,0,0.5,0,0,0,0,,,,,,,,,
0.14,340,0,0.5,0,0,0,0,,,,,,,,,
0.14,350,0,0.5,0,0,0,0,,,,,,,,,
0.14,360,0,0.5,0,0,0,0,,,,,,,,,
0.14,370,0,0.5,0,0,0,0,,,,,,,,,
0.14,380,0,0.5,0,0,0,0,,,,,,,,,
0.14,390,0,0.5,0,0,0,0,,,,,,,,,
0.14,400,0,0.5,0,0,0,0,,,,,,,,,
0.14,410,0.0002,0.4999,0,0,0,0.0002,,,,,,,,,
0.14,420,0,0.4998,0,0,0,0.0004,,,,,,,,,
0.14,430,0,0.5,0,0,0,0,,,,,,,,,
0.14,440,0,0.5,0,0,0,0,,,,,,,,,
0.14,450,0,0.5,0,0,0,0,,,,,,,,,
0.14,460,0,0.5,0,0,0,0,,,,,,,,,
0.14,470,0,0.5,0,0,0,0,,,,,,,,,
0.14,480,0,0.5,0,0,0,0,,,,,,,,,
0.14,490,0,0.5,0,0,0,0,,,,,,,,,
0.14,500,0,0.5,0,0,0,0,,,,,,,,,
0.15,10,0,0.5,0,0,0,0,,,,,,,,,
0.15,20,0,0.5,0,0,0,0,,,,,,,,,
0.15,30,0,0.5,0,0,0,0,,,,,,,,,
0.15,40,0,0.5,0,0,0,0,,,,,,,,,
0.15,50,0,0.5,0,0,0,0,,,,,,,,,
0.15,60,0,0.5,0,0,0,0,,,,,,,,,
0.15,80,0,0.5,0,0,0,0,,,,,,,,,
0.15,90,0,0.5,0,0,0,0,,,,,,,,,
0.15,100,0,0.5,0,0,0,0,,,,,,,,,
0.15,110,0,0.5,0,0,0,0,,,,,,,,,
0.15,120,0,0.5,0,0,0,0,,,,,,,,,
0.15,130,0,0.5,0,0,0,0,,,,,,,,,
0.15,140,0,0.5,0,0,0,0,,,,,,,,,
0.15,150,0,0.5,0,0,0,0,,,,,,,,,
0.15,160,0,0.5,0,0,0,0,,,,,,,,,
0.15,170,0,0.5,0,0,0,0,,,,,,,,,
0.15,180,0,0.5,0,0,0,0,,,,,,,,,
0.15,190,0,0.5,0,0,0,0,,,,,,,,,
0.15,200,0,0.5,0,0,0,0,,,,,,,,,
0.15,210,0,0.5,0,0,0,0,,,,,,,,,
0.15,220,0,0.5,0,0,0,0,,,,,,,,,
0.15,230,0,0.5,0,0,0,0,,,,,,,,,
0.15,250,0,0.5,0,0,0,0,,,,,,,,,
0.15,260,0,0.5,0,0,0,0,,,,,,,,,
0.15,270,0,0.5,0,0,0,0,,,,,,,,,
0.15,280,0,0.5,0,0,0,0,,,,,,,,,
0.15,290,0,0.5,0,0,0,0,,,,,,,,,
0.15,300,0,0.5,0,0,0,0,,,,,,,,,
0.15,310,0,0.5,0,0,0,0,,,,,,,,,
0.15,340,0,0.5,0,0,0,0,,,,,,,,,
0.15,350,0,0.5,0,0,0,0,,,,,,,,,
0.15,360,0,0.5,0,0,0,0,,,,,,,,,
0.15,370,0,0.5,0,0,0,0,,,,,,,,,
0.15,380,0,0.5,0,0,0,0,,,,,,,,,
0.15,390,0,0.5,0,0,0,0,,,,,,,,,
0.15,410,0,0.5,0,0,0,0,,,,,,,,,
0.15,420,0,0.5,0,0,0,0,,,,,,,,,
0.15,430,0,0.5,0,0,0,0,,,,,,,,,
0.15,440,0,0.5,0,0,0,0,,,,,,,,,
0.15,450,0,0.5,0,0,0,0,,,,,,,,,
0.15,460,0,0.5,0,0,0,0,,,,,,,,,
0.15,470,0,0.5,0,0,0,0,,,,,,,,,
0.15,480,0,0.5,0,0,0,0,,,,,,,,,
0.15,490,0,0.5,0,0,0,0,,,,,,,,,
0.15,500,0,0.5,0,0,0,0,,,,,,,,,
0.16,10,0,0.4999,0,0,0,0.0002,,,,,,,,,
0.16,20,0,0.5,0,0,0,0,,,,,,,,,
0.16,30,0,0.5,0,0,0,0,,,,,,,,,
0.16,40,0,0.5,0,0,0,0,,,,,,,,,
0.16,50,0,0.5,0,0,0,0,,,,,,,,,
0.16,60,0,0.5,0,0,0,0,,,,,,,,,
0.16,70,0,0.5,0,0,0,0,,,,,,,,,
0.16,80,0,0.5,0,0,0,0,,,,,,,,,
0.16,100,0,0.5,0,0,0,0,,,,,,,,,
0.16,110,0,0.5,0,0,0,0,,,,,,,,,
0.16,120,0,0.5,0,0,0,0,,,,,,,,,
0.16,130,0,0.5,0,0,0,0,,,,,,,,,
0.16,140,0,0.5,0,0,0,0,,,,,,,,,
0.16,150,0,0.5,0,0,0,0,,,,,,,,,
0.16,160,0,0.5,0,0,0,0,,,,,,,,,
0.16,170,0,0.5,0,0,0,0,,,,,,,,,
0.16,180,0,0.5,0,0,0,0,,,,,,,,,
0.16,190,0,0.5,0,0,0,0,,,,,,,,,
0.16,200,0,0.5,0,0,0,0,,,,,,,,,
0.16,210,0,0.5,0,0,0,0,,,,,,,,,
0.16,220,0,0.5,0,0,0,0,,,,,,,,,
0.16,230,0,0.5,0,0,0,0,,,,,,,,,
0.16,250,0,0.4999,0,0,0,0.0002,,,,,,,,,
0.16,260,0,0.5,0,0,0,0,,,,,,,,,
0.16,270,0,0.5,0,0,0,0,,,,,,,,,
0.16,280,0,0.5,0,0,0,0,,,,,,,,,
0.16,290,0,0.5,0,0,0,0,,,,,,,,,
0.16,300,0,0.5,0,0,0,0,,,,,,,,,
0.16,310,0,0.5,0,0,0,0,,,,,,,,,
0.16,320,0,0.5,0,0,0,0,,,,,,,,,
0.16,330,0,0.5,0,0,0,0,,,,,,,,,
0.16,340,0,0.5,0,0,0,0,,,,,,,,,
0.16,350,0,0.5,0,0,0,0,,,,,,,,,
0.16,360,0,0.5,0,0,0,0,,,,,,,,,
0.16,370,0,0.5,0,0,0,0,,,,,,,,,
0.16,380,0,0.5,0,0,0,0,,,,,,,,,
0.16,390,0,0.5,0,0,0,0,,,,,,,,,
0.16,400,0,0.5,0,0,0,0,,,,,,,,,
0.16,410,0,0.5,0,0,0,0,,,,,,,,,
0.16,420,0,0.5,0,0,0,0,,,,,,,,,
0.16,430,0,0.5,0,0,0,0,,,,,,,,,
0.16,450,0,0.5,0,0,0,0,,,,,,,,,
0.16,460,0,0.5,0,0,0,0,,,,,,,,,
0.16,470,0,0.5,0,0,0,0,,,,,,,,,
0.16,480,0,0.5,0,0,0,0,,,,,,,,,
0.16,490,0,0.5,0,0,0,0,,,,,,,,,
0.16,500,0,0.5,0,0,0,0,,,,,,,,,
0.17,20,0,0.5,0,0,0,0,,,,,,,,,
0.17,30,0,0.5,0,0,0,0,,,,,,,,,
0.17,40,0,0.5,0,0,0,0,,,,,,,,,
0.17,50,0,0.5,0,0,0,0,,,,,,,,,
0.17,60,0,0.5,0,0,0,0,,,,,,,,,
0.17,70,0,0.5,0,0,0,0,,,,,,,,,
0.17,80,0,0.5,0,0,0,0,,,,,,,,,
0.17,90,0,0.5,0,0,0,0,,,,,,,,,
0.17,100,0,0.5,0,0,0,0,,,,,,,,,
0.17,110,0,0.5,0,0,0,0,,,,,,,,,
0.17,120,0,0.5,0,0,0,0,,,,,,,,,
0.17,130,0,0.5,0,0,0,0,,,,,,,,,
0.17,140,0,0.5,0,0,0,0,,,,,,,,,
0.17,150,0,0.5,0,0,0,0,,,,,,,,,
0.17,160,0,0.5,0,0,0,0,,,,,,,,,
0.17,170,0,0.5,0,0,0,0,,,,,,,,,
0.17,180,0,0.5,0,0,0,0,,,,,,,,,
0.17,190,0,0.5,0,0,0,0,,,,,,,,,
0.17,200,0,0.5,0,0,0,0,,,,,,,,,
0.17,210,0,0.5,0,0,0,0,,,,,,,,,
0.17,220,0,0.5,0,0,0,0,,,,,,,,,
0.17,230,0,0.5,0,0,0,0,,,,,,,,,
0.17,240,0,0.5,0,0,0,0,,,,,,,,,
0.17,250,0,0.5,0,0,0,0,,,,,,,,,
0.17,260,0,0.5,0,0,0,0,,,,,,,,,
0.17,270,0,0.5,0,0,0,0,,,,,,,,,
0.17,280,0,0.5,0,0,0,0,,,,,,,,,
0.17,290,0,0.5,0,0,0,0,,,,,,,,,
0.17,300,0,0.5,0,0,0,0,,,,,,,,,
0.17,310,0,0.5,0,0,0,0,,,,,,,,,
0.17,320,0,0.5,0,0,0,0,,,,,,,,,
0.17,330,0,0.5,0,0,0,0,,,,,,,,,
0.17,340,0,0.5,0,0,0,0,,,,,,,,,
0.17,350,0,0.5,0,0,0,0,,,,,,,,,
0.17,360,0,0.5,0,0,0,0,,,,,,,,,
0.17,370,0,0.5,0,0,0,0,,,,,,,,,
0.17,380,0,0.5,0,0,0,0,,,,,,,,,
0.17,390,0,0.5,0,0,0,0,,,,,,,,,
0.17,400,0,0.5,0,0,0,0,,,,,,,,,
0.17,410,0,0.5,0,0,0,0,,,,,,,,,
0.17,420,0,0.5,0,0,0,0,,,,,,,,,
0.17,430,0,0.5,0,0,0,0,,,,,,,,,
0.17,440,0,0.5,0,0,0,0,,,,,,,,,
0.17,450,0,0.5,0,0,0,0,,,,,,,,,
0.17,460,0,0.5,0,0,0,0,,,,,,,,,
0.17,470,0,0.5,0,0,0,0,,,,,,,,,
0.17,480,0,0.5,0,0,0,0,,,,,,,,,
0.17,500,0,0.5,0,0,0,0,,,,,,,,,
0.18,10,0,0.5,0,0,0,0,,,,,,,,,
0.18,20,0,0.5,0,0,0,0,,,,,,,,,
0.18,30,0,0.5,0,0,0,0,,,,,,,,,
0.18,40,0,0.5,0,0,0,0,,,,,,,,,
0.18,50,0,0.5,0,0,0,0,,,,,,,,,
0.18,60,0,0.5,0,0,0,0,,,,,,,,,
0.18,70,0,0.5,0,0,0,0,,,,,,,,,
0.18,80,0,0.5,0,0,0,0,,,,,,,,,
0.18,90,0,0.5,0,0,0,0,,,,,,,,,
0.18,100,0,0.5,0,0,0,0,,,,,,,,,
0.18,110,0,0.5,0,0,0,0,,,,,,,,,
0.18,120,0,0.5,0,0,0,0,,,,,,,,,
0.18,130,0,0.5,0,0,0,0,,,,,,,,,
0.18,140,0,0.5,0,0,0,0,,,,,,,,,
0.18,150,0,0.5,0,0,0,0,,,,,,,,,
0.18,170,0,0.5,0,0,0,0,,,,,,,,,
0.18,180,0,0.5,0,0,0,0,,,,,,,,,
0.18,190,0,0.5,0,0,0,0,,,,,,,,,
0.18,200,0,0.5,0,0,0,0,,,,,,,,,
0.18,210,0,0.5,0,0,0,0,,,,,,,,,
0.18,220,0,0.5,0,0,0,0,,,,,,,,,
0.18,230,0,0.5,0,0,0,0,,,,,,,,,
0.18,250,0,0.5,0,0,0,0,,,,,,,,,
0.18,260,0,0.5,0,0,0,0,,,,,,,,,
0.18,270,0,0.5,0,0,0,0,,,,,,,,,
0.18,280,0,0.5,0,0,0,0,,,,,,,,,
0.18,290,0,0.5,0,0,0,0,,,,,,,,,
0.18,300,0,0.5,0,0,0,0,,,,,,,,,
0.18,310,0,0.5,0,0,0,0,,,,,,,,,
0.18,320,0,0.5,0,0,0,0,,,,,,,,,
0.18,330,0,0.5,0,0,0,0,,,,,,,,,
0.18,340,0,0.5,0,0,0,0,,,,,,,,,
0.18,350,0,0.5,0,0,0,0,,,,,,,,,
0.18,360,0,0.5,0,0,0,0,,,,,,,,,
0.18,370,0,0.5,0,0,0,0,,,,,,,,,
0.18,380,0,0.5,0,0,0,0,,,,,,,,,
0.18,390,0,0.5,0,0,0,0,,,,,,,,,
0.18,400,0,0.5,0,0,0,0,,,,,,,,,
0.18,410,0,0.5,0,0,0,0,,,,,,,,,
0.18,420,0,0.5,0,0,0,0,,,,,,,,,
0.18,430,0,0.5,0,0,0,0,,,,,,,,,
0.18,440,0,0.5,0,0,0,0,,,,,,,,,
0.18,450,0,0.5,0,0,0,0,,,,,,,,,
0.18,460,0,0.5,0,0,0,0,,,,,,,,,
0.18,470,0,0.5,0,0,0,0,,,,,,,,,
0.18,480,0,0.5,0,0,0,0,,,,,,,,,
0.18,490,0,0.5,0,0,0,0,,,,,,,,,
0.18,500,0,0.5,0,0,0,0,,,,,,,,,
0.19,10,0,0.5,0,0,0,0,,,,,,,,,
0.19,30,0,0.5,0,0,0,0,,,,,,,,,
0.19,40,0,0.5,0,0,0,0,,,,,,,,,
0.19,50,0,0.5,0,0,0,0,,,,,,,,,
0.19,60,0,0.5,0,0,0,0,,,,,,,,,
0.19,70,0,0.5,0,0,0,0,,,,,,,,,
0.19,80,0,0.5,0,0,0,0,,,,,,,,,
0.19,90,0,0.5,0,0,0,0,,,,,,,,,
0.19,100,0,0.5,0,0,0,0,,,,,,,,,
0.19,110,0,0.5,0,0,0,0,,,,,,,,,
0.19,120,0,0.5,0,0,0,0,,,,,,,,,
0.19,130,0,0.5,0,0,0,0,,,,,,,,,
0.19,140,0,0.5,0,0,0,0,,,,,,,,,
0.19,150,0,0.5,0,0,0,0,,,,,,,,,
0.19,160,0,0.4999,0,0,0,0.0002,,,,,,,,,
0.19,170,0,0.5,0,0,0,0,,,,,,,,,
0.19,180,0,0.5,0,0,0,0,,,,,,,,,
0.19,190,0,0.5,0,0,0,0,,,,,,,,,
0.19,200,0,0.5,0,0,0,0,,,,,,,,,
0.19,210,0,0.5,0,0,0,0,,,,,,,,,
0.19,220,0,0.5,0,0,0,0,,,,,,,,,
0.19,230,0,0.5,0,0,0,0,,,,,,,,,
0.19,240,0,0.5,0,0,0,0,,,,,,,,,
0.19,250,0,0.5,0,0,0,0,,,,,,,,,
0.19,260,0,0.5,0,0,0,0,,,,,,,,,
0.19,270,0,0.5,0,0,0,0,,,,,,,,,
0.19,280,0,0.5,0,0,0,0,,,,,,,,,
0.19,290,0,0.5,0,0,0,0,,,,,,,,,
0.19,300,0,0.5,0,0,0,0,,,,,,,,,
0.19,310,0,0.5,0,0,0,0,,,,,,,,,
0.19,320,0,0.5,0,0,0,0,,,,,,,,,
0.19,330,0,0.5,0,0,0,0,,,,,,,,,
0.19,340,0,0.5,0,0,0,0,,,,,,,,,
0.19,350,0,0.5,0,0,0,0,,,,,,,,,
0.19,360,0,0.5,0,0,0,0,,,,,,,,,
0.19,370,0,0.5,0,0,0,0,,,,,,,,,
0.19,380,0,0.5,0,0,0,0,,,,,,,,,
0.19,390,0,0.5,0,0,0,0,,,,,,,,,
0.19,400,0,0.5,0,0,0,0,,,,,,,,,
0.19,410,0,0.5,0,0,0,0,,,,,,,,,
0.19,420,0,0.5,0,0,0,0,,,,,,,,,
0.19,430,0,0.5,0,0,0,0,,,,,,,,,
0.19,450,0,0.5,0,0,0,0,,,,,,,,,
0.19,460,0,0.5,0,0,0,0,,,,,,,,,
0.19,470,0,0.5,0,0,0,0,,,,,,,,,
0.19,490,0,0.5,0,0,0,0,,,,,,,,,
0.19,500,0,0.5,0,0,0,0,,,,,,,,,
0.2,10,0,0.5,0,0,0,0,,,,,,,,,
0.2,20,0,0.5,0,0,0,0,,,,,,,,,
0.2,30,0,0.5,0,0,0,0,,,,,,,,,
0.2,40,0,0.5,0,0,0,0,,,,,,,,,
0.2,50,0,0.5,0,0,0,0,,,,,,,,,
0.2,60,0,0.5,0,0,0,0,,,,,,,,,
0.2,70,0,0.5,0,0,0,0,,,,,,,,,
0.2,80,0,0.5,0,0,0,0,,,,,,,,,
0.2,90,0,0.5,0,0,0,0,,,,,,,,,
0.2,110,0,0.5,0,0,0,0,,,,,,,,,
0.2,130,0,0.5,0,0,0,0,,,,,,,,,
0.2,140,0,0.5,0,0,0,0,,,,,,,,,
0.2,150,0,0.5,0,0,0,0,,,,,,,,,
0.2,160,0,0.5,0,0,0,0,,,,,,,,,
0.2,170,0,0.5,0,0,0,0,,,,,,,,,
0.2,180,0,0.5,0,0,0,0,,,,,,,,,
0.2,190,0,0.5,0,0,0,0,,,,,,,,,
0.2,200,0,0.5,0,0,0,0,,,,,,,,,
0.2,210,0,0.5,0,0,0,0,,,,,,,,,
0.2,220,0,0.5,0,0,0,0,,,,,,,,,
0.2,230,0,0.4999,0,0,0,0.0002,,,,,,,,,
0.2,240,0,0.5,0,0,0,0,,,,,,,,,
0.2,250,0,0.5,0,0,0,0,,,,,,,,,
0.2,260,0,0.5,0,0,0,0,,,,,,,,,
0.2,270,0,0.5,0,0,0,0,,,,,,,,,
0.2,280,0,0.5,0,0,0,0,,,,,,,,,
0.2,290,0,0.5,0,0,0,0,,,,,,,,,
0.2,300,0,0.5,0,0,0,0,,,,,,,,,
0.2,310,0,0.5,0,0,0,0,,,,,,,,,
0.2,320,0,0.5,0,0,0,0,,,,,,,,,
0.2,340,0,0.5,0,0,0,0,,,,,,,,,
0.2,350,0,0.5,0,0,0,0,,,,,,,,,
0.2,360,0,0.5,0,0,0,0,,,,,,,,,
0.2,370,0,0.5,0,0,0,0,,,,,,,,,
0.2,380,0,0.5,0,0,0,0,,,,,,,,,
0.2,390,0,0.5,0,0,0,0,,,,,,,,,
0.2,400,0,0.5,0,0,0,0,,,,,,,,,
0.2,410,0,0.5,0,0,0,0,,,,,,,,,
0.2,420,0,0.5,0,0,0,0,,,,,,,,,
0.2,430,0,0.5,0,0,0,0,,,,,,,,,
0.2,450,0,0.5,0,0,0,0,,,,,,,,,
0.2,460,0,0.5,0,0,0,0,,,,,,,,,
0.2,470,0,0.5,0,0,0,0,,,,,,,,,
0.2,480,0,0.5,0,0,0,0,,,,,,,,,
0.2,490,0,0.5,0,0,0,0,,,,,,,,,
0.2,500,0,0.5,0,0,0,0,,,,,,,,,
0.21,10,0,0.5,0,0,0,0,,,,,,,,,
0.21,20,0,0.5,0,0,0,0,,,,,,,,,
0.21,40,0,0.5,0,0,0,0,,,,,,,,,
0.21,50,0,0.5,0,0,0,0,,,,,,,,,
0.21,60,0,0.5,0,0,0,0,,,,,,,,,
0.21,70,0,0.5,0,0,0,0,,,,,,,,,
0.21,80,0,0.5,0,0,0,0,,,,,,,,,
0.21,90,0,0.5,0,0,0,0,,,,,,,,,
0.21,100,0,0.5,0,0,0,0,,,,,,,,,
0.21,110,0,0.5,0,0,0,0,,,,,,,,,
0.21,120,0,0.5,0,0,0,0,,,,,,,,,
0.21,130,0,0.5,0,0,0,0,,,,,,,,,
0.21,140,0,0.5,0,0,0,0,,,,,,,,,
0.21,150,0,0.5,0,0,0,0,,,,,,,,,
0.21,160,0,0.5,0,0,0,0,,,,,,,,,
0.21,170,0,0.5,0,0,0,0,,,,,,,,,
0.21,180,0,0.5,0,0,0,0,,,,,,,,,
0.21,190,0,0.5,0,0,0,0,,,,,,,,,
0.21,200,0,0.5,0,0,0,0,,,,,,,,,
0.21,210,0,0.5,0,0,0,0,,,,,,,,,
0.21,220,0,0.5,0,0,0,0,,,,,,,,,
0.21,230,0,0.5,0,0,0,0,,,,,,,,,
0.21,240,0,0.5,0,0,0,0,,,,,,,,,
0.21,250,0,0.5,0,0,0,0,,,,,,,,,
0.21,260,0,0.5,0,0,0,0,,,,,,,,,
0.21,270,0,0.5,0,0,0,0,,,,,,,,,
0.21,280,0,0.5,0,0,0,0,,,,,,,,,
0.21,290,0,0.5,0,0,0,0,,,,,,,,,
0.21,300,0,0.5,0,0,0,0,,,,,,,,,
0.21,310,0,0.5,0,0,0,0,,,,,,,,,
0.21,320,0,0.5,0,0,0,0,,,,,,,,,
0.21,330,0,0.5,0,0,0,0,,,,,,,,,
0.21,340,0,0.5,0,0,0,0,,,,,,,,,
0.21,350,0,0.5,0,0,0,0,,,,,,,,,
0.21,360,0,0.5,0,0,0,0,,,,,,,,,
0.21,370,0,0.5,0,0,0,0,,,,,,,,,
0.21,380,0,0.5,0,0,0,0,,,,,,,,,
0.21,390,0,0.5,0,0,0,0,,,,,,,,,
0.21,400,0,0.5,0,0,0,0,,,,,,,,,
0.21,410,0,0.5,0,0,0,0,,,,,,,,,
0.21,420,0,0.5,0,0,0,0,,,,,,,,,
0.21,430,0,0.5,0,0,0,0,,,,,,,,,
0.21,440,0,0.5,0,0,0,0,,,,,,,,,
0.21,450,0,0.5,0,0,0,0,,,,,,,,,
0.21,460,0,0.5,0,0,0,0,,,,,,,,,
0.21,470,0,0.5,0,0,0,0,,,,,,,,,
0.21,480,0,0.5,0,0,0,0,,,,,,,,,
0.21,490,0,0.5,0,0,0,0,,,,,,,,,
0.21,500,0,0.5,0,0,0,0,,,,,,,,,
0.22,10,0,0.5,0,0,0,0,,,,,,,,,
0.22,20,0,0.5,0,0,0,0,,,,,,,,,
0.22,30,0,0.5,0,0,0,0,,,,,,,,,
0.22,40,0,0.5,0,0,0,0,,,,,,,,,
0.22,50,0,0.5,0,0,0,0,,,,,,,,,
0.22,60,0,0.5,0,0,0,0,,,,,,,,,
0.22,70,0,0.5,0,0,0,0,,,,,,,,,
0.22,80,0,0.5,0,0,0,0,,,,,,,,,
0.22,90,0,0.5,0,0,0,0,,,,,,,,,
0.22,100,0,0.5,0,0,0,0,,,,,,,,,
0.22,110,0,0.5,0,0,0,0,,,,,,,,,
0.22,120,0,0.5,0,0,0,0,,,,,,,,,
0.22,130,0,0.5,0,0,0,0,,,,,,,,,
0.22,140,0,0.5,0,0,0,0,,,,,,,,,
0.22,150,0,0.5,0,0,0,0,,,,,,,,,
0.22,160,0,0.5,0,0,0,0,,,,,,,,,
0.22,170,0,0.5,0,0,0,0,,,,,,,,,
0.22,180,0,0.5,0,0,0,0,,,,,,,,,
0.22,190,0,0.5,0,0,0,0,,,,,,,,,
0.22,200,0,0.5,0,0,0,0,,,,,,,,,
0.22,210,0,0.5,0,0,0,0,,,,,,,,,
0.22,220,0,0.5,0,0,0,0,,,,,,,,,
0.22,230,0,0.5,0,0,0,0,,,,,,,,,
0.22,240,0,0.5,0,0,0,0,,,,,,,,,
0.22,250,0,0.5,0,0,0,0,,,,,,,,,
0.22,260,0,0.5,0,0,0,0,,,,,,,,,
0.22,270,0,0.5,0,0,0,0,,,,,,,,,
0.22,280,0,0.5,0,0,0,0,,,,,,,,,
0.22,290,0,0.5,0,0,0,0,,,,,,,,,
0.22,300,0,0.5,0,0,0,0,,,,,,,,,
0.22,310,0,0.5,0,0,0,0,,,,,,,,,
0.22,330,0,0.5,0,0,0,0,,,,,,,,,
0.22,340,0,0.5,0,0,0,0,,,,,,,,,
0.22,350,0,0.5,0,0,0,0,,,,,,,,,
0.22,360,0,0.5,0,0,0,0,,,,,,,,,
0.22,370,0,0.5,0,0,0,0,,,,,,,,,
0.22,390,0,0.5,0,0,0,0,,,,,,,,,
0.22,400,0,0.5,0,0,0,0,,,,,,,,,
0.22,410,0,0.5,0,0,0,0,,,,,,,,,
0.22,420,0,0.5,0,0,0,0,,,,,,,,,
0.22,430,0,0.5,0,0,0,0,,,,,,,,,
0.22,440,0,0.5,0,0,0,0,,,,,,,,,
0.22,450,0,0.5,0,0,0,0,,,,,,,,,
0.22,460,0,0.5,0,0,0,0,,,,,,,,,
0.22,470,0,0.5,0,0,0,0,,,,,,,,,
0.22,480,0,0.5,0,0,0,0,,,,,,,,,
0.22,490,0,0.5,0,0,0,0,,,,,,,,,
0.22,500,0,0.5,0,0,0,0,,,,,,,,,
0.23,10,0,0.5,0,0,0,0,,,,,,,,,
0.23,20,0,0.5,0,0,0,0,,,,,,,,,
0.23,30,0,0.5,0,0,0,0,,,,,,,,,
0.23,40,0,0.5,0,0,0,0,,,,,,,,,
0.23,50,0,0.5,0,0,0,0,,,,,,,,,
0.23,60,0,0.5,0,0,0,0,,,,,,,,,
0.23,70,0,0.5,0,0,0,0,,,,,,,,,
0.23,80,0,0.5,0,0,0,0,,,,,,,,,
0.23,90,0,0.5,0,0,0,0,,,,,,,,,
0.23,100,0,0.5,0,0,0,0,,,,,,,,,
0.23,110,0,0.5,0,0,0,0,,,,,,,,,
0.23,120,0,0.5,0,0,0,0,,,,,,,,,
0.23,130,0,0.5,0,0,0,0,,,,,,,,,
0.23,140,0,0.5,0,0,0,0,,,,,,,,,
0.23,150,0,0.5,0,0,0,0,,,,,,,,,
0.23,160,0,0.5,0,0,0,0,,,,,,,,,
0.23,170,0,0.5,0,0,0,0,,,,,,,,,
0.23,180,0,0.5,0,0,0,0,,,,,,,,,
0.23,190,0,0.5,0,0,0,0,,,,,,,,,
0.23,200,0,0.5,0,0,0,0,,,,,,,,,
0.23,210,0,0.5,0,0,0,0,,,,,,,,,
0.23,220,0,0.5,0,0,0,0,,,,,,,,,
0.23,230,0,0.5,0,0,0,0,,,,,,,,,
0.23,240,0,0.5,0,0,0,0,,,,,,,,,
0.23,260,0,0.5,0,0,0,0,,,,,,,,,
0.23,270,0,0.5,0,0,0,0,,,,,,,,,
0.23,280,0,0.5,0,0,0,0,,,,,,,,,
0.23,290,0,0.5,0,0,0,0,,,,,,,,,
0.23,300,0,0.5,0,0,0,0,,,,,,,,,
0.23,310,0,0.5,0,0,0,0,,,,,,,,,
0.23,320,0,0.5,0,0,0,0,,,,,,,,,
0.23,330,0,0.5,0,0,0,0,,,,,,,,,
0.23,340,0,0.5,0,0,0,0,,,,,,,,,
0.23,350,0,0.4995,0,0,0,0.001,,,,,,,,,
0.23,360,0,0.5,0,0,0,0,,,,,,,,,
0.23,370,0,0.5,0,0,0,0,,,,,,,,,
0.23,380,0,0.5,0,0,0,0,,,,,,,,,
0.23,390,0,0.5,0,0,0,0,,,,,,,,,
0.23,400,0,0.5,0,0,0,0,,,,,,,,,
0.23,410,0,0.5,0,0,0,0,,,,,,,,,
0.23,420,0,0.5,0,0,0,0,,,,,,,,,
0.23,430,0,0.5,0,0,0,0,,,,,,,,,
0.23,440,0,0.5,0,0,0,0,,,,,,,,,
0.23,450,0,0.5,0,0,0,0,,,,,,,,,
0.23,460,0,0.5,0,0,0,0,,,,,,,,,
0.23,470,0,0.5,0,0,0,0,,,,,,,,,
0.23,480,0,0.5,0,0,0,0,,,,,,,,,
0.23,490,0,0.5,0,0,0,0,,,,,,,,,
0.23,500,0,0.5,0,0,0,0,,,,,,,,,
0.24,10,0,0.5,0,0,0,0,,,,,,,,,
0.24,20,0,0.5,0,0,0,0,,,,,,,,,
0.24,30,0,0.5,0,0,0,0,,,,,,,,,
0.24,40,0,0.5,0,0,0,0,,,,,,,,,
0.24,50,0,0.5,0,0,0,0,,,,,,,,,
0.24,60,0,0.5,0,0,0,0,,,,,,,,,
0.24,70,0,0.5,0,0,0,0,,,,,,,,,
0.24,80,0,0.5,0,0,0,0,,,,,,,,,
0.24,90,0,0.5,0,0,0,0,,,,,,,,,
0.24,100,0,0.5,0,0,0,0,,,,,,,,,
0.24,110,0,0.5,0,0,0,0,,,,,,,,,
0.24,120,0,0.5,0,0,0,0,,,,,,,,,
0.24,130,0,0.5,0,0,0,0,,,,,,,,,
0.24,140,0,0.5,0,0,0,0,,,,,,,,,
0.24,150,0,0.5,0,0,0,0,,,,,,,,,
0.24,160,0,0.5,0,0,0,0,,,,,,,,,
0.24,170,0,0.5,0,0,0,0,,,,,,,,,
0.24,180,0,0.5,0,0,0,0,,,,,,,,,
0.24,190,0,0.5,0,0,0,0,,,,,,,,,
0.24,200,0,0.5,0,0,0,0,,,,,,,,,
0.24,210,0,0.5,0,0,0,0,,,,,,,,,
0.24,220,0,0.5,0,0,0,0,,,,,,,,,
0.24,230,0,0.5,0,0,0,0,,,,,,,,,
0.24,240,0,0.5,0,0,0,0,,,,,,,,,
0.24,250,0,0.5,0,0,0,0,,,,,,,,,
0.24,260,0,0.5,0,0,0,0,,,,,,,,,
0.24,270,0,0.5,0,0,0,0,,,,,,,,,
0.24,280,0,0.5,0,0,0,0,,,,,,,,,
0.24,290,0,0.5,0,0,0,0,,,,,,,,,
0.24,300,0,0.5,0,0,0,0,,,,,,,,,
0.24,310,0,0.5,0,0,0,0,,,,,,,,,
0.24,320,0,0.5,0,0,0,0,,,,,,,,,
0.24,330,0,0.5,0,0,0,0,,,,,,,,,
0.24,340,0,0.5,0,0,0,0,,,,,,,,,
0.24,350,0,0.5,0,0,0,0,,,,,,,,,
0.24,360,0,0.5,0,0,0,0,,,,,,,,,
0.24,370,0,0.5,0,0,0,0,,,,,,,,,
0.24,380,0,0.5,0,0,0,0,,,,,,,,,
0.24,390,0,0.5,0,0,0,0,,,,,,,,,
0.24,400,0,0.5,0,0,0,0,,,,,,,,,
0.24,410,0,0.5,0,0,0,0,,,,,,,,,
0.24,420,0,0.5,0,0,0,0,,,,,,,,,
0.24,430,0,0.5,0,0,0,0,,,,,,,,,
0.24,440,0,0.5,0,0,0,0,,,,,,,,,
0.24,450,0,0.5,0,0,0,0,,,,,,,,,
0.24,460,0,0.5,0,0,0,0,,,,,,,,,
0.24,470,0,0.5,0,0,0,0,,,,,,,,,
0.24,480,0,0.5,0,0,0,0,,,,,,,,,
0.24,490,0,0.5,0,0,0,0,,,,,,,,,
0.24,500,0,0.5,0,0,0,0,,,,,,,,,
0.25,10,0,0.5,0,0,0,0,,,,,,,,,
0.25,20,0,0.5,0,0,0,0,,,,,,,,,
0.25,30,0,0.5,0,0,0,0,,,,,,,,,
0.25,40,0,0.5,0,0,0,0,,,,,,,,,
0.25,50,0,0.5,0,0,0,0,,,,,,,,,
0.25,60,0,0.5,0,0,0,0,,,,,,,,,
0.25,70,0,0.5,0,0,0,0,,,,,,,,,
0.25,80,0,0.5,0,0,0,0,,,,,,,,,
0.25,90,0,0.5,0,0,0,0,,,,,,,,,
0.25,100,0,0.5,0,0,0,0,,,,,,,,,
0.25,110,0,0.5,0,0,0,0,,,,,,,,,
0.25,120,0,0.5,0,0,0,0,,,,,,,,,
0.25,130,0,0.5,0,0,0,0,,,,,,,,,
0.25,140,0,0.5,0,0,0,0,,,,,,,,,
0.25,150,0,0.5,0,0,0,0,,,,,,,,,
0.25,160,0,0.5,0,0,0,0,,,,,,,,,
0.25,170,0,0.5,0,0,0,0,,,,,,,,,
0.25,180,0,0.5,0,0,0,0,,,,,,,,,
0.25,190,0,0.5,0,0,0,0,,,,,,,,,
0.25,200,0,0.5,0,0,0,0,,,,,,,,,
0.25,210,0,0.5,0,0,0,0,,,,,,,,,
0.25,220,0,0.5,0,0,0,0,,,,,,,,,
0.25,230,0,0.5,0,0,0,0,,,,,,,,,
0.25,240,0,0.5,0,0,0,0,,,,,,,,,
0.25,250,0,0.5,0,0,0,0,,,,,,,,,
0.25,260,0,0.5,0,0,0,0,,,,,,,,,
0.25,270,0,0.5,0,0,0,0,,,,,,,,,
0.25,280,0,0.5,0,0,0,0,,,,,,,,,
0.25,290,0,0.5,0,0,0,0,,,,,,,,,
0.25,300,0,0.5,0,0,0,0,,,,,,,,,
0.25,310,0,0.5,0,0,0,0,,,,,,,,,
0.25,320,0,0.5,0,0,0,0,,,,,,,,,
0.25,330,0,0.5,0,0,0,0,,,,,,,,,
0.25,340,0,0.5,0,0,0,0,,,,,,,,,
0.25,350,0,0.5,0,0,0,0,,,,,,,,,
0.25,360,0,0.5,0,0,0,0,,,,,,,,,
0.25,370,0,0.5,0,0,0,0,,,,,,,,,
0.25,380,0,0.5,0,0,0,0,,,,,,,,,
0.25,390,0,0.5,0,0,0,0,,,,,,,,,
0.25,400,0,0.5,0,0,0,0,,,,,,,,,
0.25,410,0,0.5,0,0,0,0,,,,,,,,,
0.25,420,0,0.5,0,0,0,0,,,,,,,,,
0.25,430,0,0.5,0,0,0,0,,,,,,,,,
0.25,440,0,0.5,0,0,0,0,,,,,,,,,
0.25,450,0,0.5,0,0,0,0,,,,,,,,,
0.25,460,0,0.5,0,0,0,0,,,,,,,,,
0.25,470,0,0.5,0,0,0,0,,,,,,,,,
0.25,480,0,0.5,0,0,0,0,,,,,,,,,
0.25,490,0,0.5,0,0,0,0,,,,,,,,,
0.25,500,0,0.5,0,0,0,0,,,,,,,,,
0.26,10,0,0.5,0,0,0,0,,,,,,,,,
0.26,20,0,0.5,0,0,0,0,,,,,,,,,
0.26,30,0,0.5,0,0,0,0,,,,,,,,,
0.26,40,0,0.5,0,0,0,0,,,,,,,,,
0.26,50,0,0.5,0,0,0,0,,,,,,,,,
0.26,60,0,0.5,0,0,0,0,,,,,,,,,
0.26,70,0,0.5,0,0,0,0,,,,,,,,,
0.26,80,0,0.5,0,0,0,0,,,,,,,,,
0.26,90,0,0.5,0,0,0,0,,,,,,,,,
0.26,100,0,0.5,0,0,0,0,,,,,,,,,
0.26,110,0,0.5,0,0,0,0,,,,,,,,,
0.26,120,0,0.5,0,0,0,0,,,,,,,,,
0.26,130,0,0.5,0,0,0,0,,,,,,,,,
0.26,140,0,0.5,0,0,0,0,,,,,,,,,
0.26,150,0,0.5,0,0,0,0,,,,,,,,,
0.26,160,0,0.5,0,0,0,0,,,,,,,,,
0.26,170,0,0.5,0,0,0,0,,,,,,,,,
0.26,180,0,0.5,0,0,0,0,,,,,,,,,
0.26,190,0,0.5,0,0,0,0,,,,,,,,,
0.26,200,0,0.5,0,0,0,0,,,,,,,,,
0.26,210,0,0.5,0,0,0,0,,,,,,,,,
0.26,220,0,0.5,0,0,0,0,,,,,,,,,
0.26,230,0,0.5,0,0,0,0,,,,,,,,,
0.26,240,0,0.5,0,0,0,0,,,,,,,,,
0.26,250,0,0.5,0,0,0,0,,,,,,,,,
0.26,260,0,0.5,0,0,0,0,,,,,,,,,
0.26,270,0,0.5,0,0,0,0,,,,,,,,,
0.26,280,0,0.5,0,0,0,0,,,,,,,,,
0.26,290,0,0.5,0,0,0,0,,,,,,,,,
0.26,300,0,0.5,0,0,0,0,,,,,,,,,
0.26,310,0,0.5,0,0,0,0,,,,,,,,,
0.26,320,0,0.5,0,0,0,0,,,,,,,,,
0.26,330,0,0.5,0,0,0,0,,,,,,,,,
0.26,340,0,0.5,0,0,0,0,,,,,,,,,
0.26,350,0,0.5,0,0,0,0,,,,,,,,,
0.26,360,0,0.5,0,0,0,0,,,,,,,,,
0.26,370,0,0.5,0,0,0,0,,,,,,,,,
0.26,380,0,0.5,0,0,0,0,,,,,,,,,
0.26,390,0,0.5,0,0,0,0,,,,,,,,,
0.26,400,0,0.5,0,0,0,0,,,,,,,,,
0.26,410,0,0.5,0,0,0,0,,,,,,,,,
0.26,420,0,0.5,0,0,0,0,,,,,,,,,
0.26,430,0,0.5,0,0,0,0,,,,,,,,,
0.26,440,0,0.5,0,0,0,0,,,,,,,,,
0.26,450,0,0.5,0,0,0,0,,,,,,,,,
0.26,460,0,0.5,0,0,0,0,,,,,,,,,
0.26,470,0,0.5,0,0,0,0,,,,,,,,,
0.26,480,0,0.5,0,0,0,0,,,,,,,,,
0.26,490,0,0.5,0,0,0,0,,,,,,,,,
0.26,500,0,0.5,0,0,0,0,,,,,,,,,
0.27,10,0,0.5,0,0,0,0,,,,,,,,,
0.27,20,0,0.5,0,0,0,0,,,,,,,,,
0.27,30,0,0.5,0,0,0,0,,,,,,,,,
0.27,40,0,0.5,0,0,0,0,,,,,,,,,
0.27,50,0,0.5,0,0,0,0,,,,,,,,,
0.27,60,0,0.5,0,0,0,0,,,,,,,,,
0.27,70,0,0.5,0,0,0,0,,,,,,,,,
0.27,80,0,0.5,0,0,0,0,,,,,,,,,
0.27,90,0,0.5,0,0,0,0,,,,,,,,,
0.27,100,0,0.5,0,0,0,0,,,,,,,,,
0.27,110,0,0.5,0,0,0,0,,,,,,,,,
0.27,120,0,0.5,0,0,0,0,,,,,,,,,
0.27,130,0,0.5,0,0,0,0,,,,,,,,,
0.27,140,0,0.4999,0,0,0,0.0002,,,,,,,,,
0.27,150,0,0.5,0,0,0,0,,,,,,,,,
0.27,160,0,0.5,0,0,0,0,,,,,,,,,
0.27,170,0,0.5,0,0,0,0,,,,,,,,,
0.27,180,0,0.5,0,0,0,0,,,,,,,,,
0.27,190,0,0.5,0,0,0,0,,,,,,,,,
0.27,200,0,0.5,0,0,0,0,,,,,,,,,
0.27,210,0,0.5,0,0,0,0,,,,,,,,,
0.27,220,0,0.5,0,0,0,0,,,,,,,,,
0.27,230,0,0.5,0,0,0,0,,,,,,,,,
0.27,240,0,0.5,0,0,0,0,,,,,,,,,
0.27,250,0,0.5,0,0,0,0,,,,,,,,,
0.27,260,0,0.5,0,0,0,0,,,,,,,,,
0.27,270,0,0.5,0,0,0,0,,,,,,,,,
0.27,280,0,0.5,0,0,0,0,,,,,,,,,
0.27,290,0,0.5,0,0,0,0,,,,,,,,,
0.27,300,0,0.5,0,0,0,0,,,,,,,,,
0.27,310,0,0.5,0,0,0,0,,,,,,,,,
0.27,320,0,0.5,0,0,0,0,,,,,,,,,
0.27,330,0,0.5,0,0,0,0,,,,,,,,,
0.27,340,0,0.5,0,0,0,0,,,,,,,,,
0.27,350,0,0.5,0,0,0,0,,,,,,,,,
0.27,360,0,0.5,0,0,0,0,,,,,,,,,
0.27,370,0,0.5,0,0,0,0,,,,,,,,,
0.27,380,0,0.5,0,0,0,0,,,,,,,,,
0.27,390,0,0.5,0,0,0,0,,,,,,,,,
0.27,400,0,0.5,0,0,0,0,,,,,,,,,
0.27,410,0,0.5,0,0,0,0,,,,,,,,,
0.27,420,0,0.5,0,0,0,0,,,,,,,,,
0.27,430,0,0.5,0,0,0,0,,,,,,,,,
0.27,440,0,0.5,0,0,0,0,,,,,,,,,
0.27,450,0,0.5,0,0,0,0,,,,,,,,,
0.27,460,0,0.5,0,0,0,0,,,,,,,,,
0.27,470,0,0.5,0,0,0,0,,,,,,,,,
0.27,480,0,0.5,0,0,0,0,,,,,,,,,
0.27,490,0,0.5,0,0,0,0,,,,,,,,,
0.27,500,0,0.5,0,0,0,0,,,,,,,,,
0.28,10,0,0.5,0,0,0,0,,,,,,,,,
0.28,20,0,0.5,0,0,0,0,,,,,,,,,
0.28,30,0,0.5,0,0,0,0,,,,,,,,,
0.28,40,0,0.5,0,0,0,0,,,,,,,,,
0.28,50,0,0.5,0,0,0,0,,,,,,,,,
0.28,60,0,0.5,0,0,0,0,,,,,,,,,
0.28,70,0,0.5,0,0,0,0,,,,,,,,,
0.28,80,0,0.5,0,0,0,0,,,,,,,,,
0.28,90,0,0.5,0,0,0,0,,,,,,,,,
0.28,100,0,0.5,0,0,0,0,,,,,,,,,
0.28,110,0,0.5,0,0,0,0,,,,,,,,,
0.28,120,0,0.5,0,0,0,0,,,,,,,,,
0.28,130,0,0.5,0,0,0,0,,,,,,,,,
0.28,140,0,0.5,0,0,0,0,,,,,,,,,
0.28,150,0,0.5,0,0,0,0,,,,,,,,,
0.28,160,0,0.5,0,0,0,0,,,,,,,,,
0.28,170,0,0.5,0,0,0,0,,,,,,,,,
0.28,180,0,0.5,0,0,0,0,,,,,,,,,
0.28,190,0,0.5,0,0,0,0,,,,,,,,,
0.28,200,0,0.5,0,0,0,0,,,,,,,,,
0.28,210,0,0.5,0,0,0,0,,,,,,,,,
0.28,220,0,0.5,0,0,0,0,,,,,,,,,
0.28,230,0,0.5,0,0,0,0,,,,,,,,,
0.28,240,0,0.5,0,0,0,0,,,,,,,,,
0.28,250,0,0.5,0,0,0,0,,,,,,,,,
0.28,260,0,0.5,0,0,0,0,,,,,,,,,
0.28,270,0,0.5,0,0,0,0,,,,,,,,,
0.28,280,0,0.5,0,0,0,0,,,,,,,,,
0.28,290,0,0.5,0,0,0,0,,,,,,,,,
0.28,300,0,0.5,0,0,0,0,,,,,,,,,
0.28,310,0,0.5,0,0,0,0,,,,,,,,,
0.28,320,0,0.5,0,0,0,0,,,,,,,,,
0.28,330,0,0.5,0,0,0,0,,,,,,,,,
0.28,340,0,0.5,0,0,0,0,,,,,,,,,
0.28,350,0,0.5,0,0,0,0,,,,,,,,,
0.28,360,0,0.5,0,0,0,0,,,,,,,,,
0.28,370,0,0.5,0,0,0,0,,,,,,,,,
0.28,380,0,0.4999,0,0,0,0.0002,,,,,,,,,
0.28,390,0,0.5,0,0,0,0,,,,,,,,,
0.28,400,0,0.5,0,0,0,0,,,,,,,,,
0.28,410,0,0.5,0,0,0,0,,,,,,,,,
0.28,420,0,0.5,0,0,0,0,,,,,,,,,
0.28,430,0,0.5,0,0,0,0,,,,,,,,,
0.28,440,0,0.5,0,0,0,0,,,,,,,,,
0.28,450,0,0.5,0,0,0,0,,,,,,,,,
0.28,460,0,0.5,0,0,0,0,,,,,,,,,
0.28,470,0,0.5,0,0,0,0,,,,,,,,,
0.28,480,0,0.5,0,0,0,0,,,,,,,,,
0.28,490,0,0.5,0,0,0,0,,,,,,,,,
0.28,500,0,0.5,0,0,0,0,,,,,,,,,
0.29,10,0,0.5,0,0,0,0,,,,,,,,,
0.29,20,0,0.5,0,0,0,0,,,,,,,,,
0.29,30,0,0.5,0,0,0,0,,,,,,,,,
0.29,40,0,0.5,0,0,0,0,,,,,,,,,
0.29,50,0,0.5,0,0,0,0,,,,,,,,,
0.29,60,0,0.5,0,0,0,0,,,,,,,,,
0.29,70,0,0.5,0,0,0,0,,,,,,,,,
0.29,80,0,0.5,0,0,0,0,,,,,,,,,
0.29,90,0,0.5,0,0,0,0,,,,,,,,,
0.29,100,0,0.5,0,0,0,0,,,,,,,,,
0.29,110,0,0.5,0,0,0,0,,,,,,,,,
0.29,120,0,0.5,0,0,0,0,,,,,,,,,
0.29,130,0,0.5,0,0,0,0,,,,,,,,,
0.29,140,0,0.5,0,0,0,0,,,,,,,,,
0.29,150,0,0.5,0,0,0,0,,,,,,,,,
0.29,160,0,0.5,0,0,0,0,,,,,,,,,
0.29,170,0,0.5,0,0,0,0,,,,,,,,,
0.29,180,0,0.5,0,0,0,0,,,,,,,,,
0.29,190,0,0.5,0,0,0,0,,,,,,,,,
0.29,200,0,0.5,0,0,0,0,,,,,,,,,
0.29,210,0,0.5,0,0,0,0,,,,,,,,,
0.29,220,0,0.5,0,0,0,0,,,,,,,,,
0.29,230,0,0.5,0,0,0,0,,,,,,,,,
0.29,240,0,0.5,0,0,0,0,,,,,,,,,
0.29,250,0,0.5,0,0,0,0,,,,,,,,,
0.29,260,0,0.5,0,0,0,0,,,,,,,,,
0.29,270,0,0.5,0,0,0,0,,,,,,,,,
0.29,280,0,0.5,0,0,0,0,,,,,,,,,
0.29,290,0,0.5,0,0,0,0,,,,,,,,,
0.29,300,0,0.5,0,0,0,0,,,,,,,,,
0.29,310,0,0.5,0,0,0,0,,,,,,,,,
0.29,320,0,0.5,0,0,0,0,,,,,,,,,
0.29,330,0,0.5,0,0,0,0,,,,,,,,,
0.29,340,0,0.5,0,0,0,0,,,,,,,,,
0.29,350,0,0.5,0,0,0,0,,,,,,,,,
0.29,360,0,0.5,0,0,0,0,,,,,,,,,
0.29,370,0,0.5,0,0,0,0,,,,,,,,,
0.29,380,0,0.5,0,0,0,0,,,,,,,,,
0.29,390,0,0.5,0,0,0,0,,,,,,,,,
0.29,400,0,0.5,0,0,0,0,,,,,,,,,
0.29,410,0,0.5,0,0,0,0,,,,,,,,,
0.29,420,0,0.5,0,0,0,0,,,,,,,,,
0.29,430,0,0.5,0,0,0,0,,,,,,,,,
0.29,440,0,0.5,0,0,0,0,,,,,,,,,
0.29,450,0,0.5,0,0,0,0,,,,,,,,,
0.29,460,0,0.5,0,0,0,0,,,,,,,,,
0.29,470,0,0.5,0,0,0,0,,,,,,,,,
0.29,480,0,0.5,0,0,0,0,,,,,,,,,
0.29,490,0,0.5,0,0,0,0,,,,,,,,,
0.29,500,0,0.5,0,0,0,0,,,,,,,,,
0.3,10,0,0.5,0,0,0,0,,,,,,,,,
0.3,20,0,0.5,0,0,0,0,,,,,,,,,
0.3,30,0,0.5,0,0,0,0,,,,,,,,,
0.3,40,0,0.5,0,0,0,0,,,,,,,,,
0.3,50,0,0.5,0,0,0,0,,,,,,,,,
0.3,60,0,0.5,0,0,0,0,,,,,,,,,
0.3,70,0,0.5,0,0,0,0,,,,,,,,,
0.3,80,0,0.5,0,0,0,0,,,,,,,,,
0.3,90,0,0.5,0,0,0,0,,,,,,,,,
0.3,100,0,0.5,0,0,0,0,,,,,,,,,
0.3,110,0,0.5,0,0,0,0,,,,,,,,,
0.3,120,0,0.5,0,0,0,0,,,,,,,,,
0.3,130,0,0.5,0,0,0,0,,,,,,,,,
0.3,140,0,0.5,0,0,0,0,,,,,,,,,
0.3,150,0,0.5,0,0,0,0,,,,,,,,,
0.3,160,0,0.5,0,0,0,0,,,,,,,,,
0.3,170,0,0.5,0,0,0,0,,,,,,,,,
0.3,180,0,0.5,0,0,0,0,,,,,,,,,
0.3,190,0,0.5,0,0,0,0,,,,,,,,,
0.3,200,0,0.5,0,0,0,0,,,,,,,,,
0.3,210,0,0.5,0,0,0,0,,,,,,,,,
0.3,220,0,0.5,0,0,0,0,,,,,,,,,
0.3,230,0,0.5,0,0,0,0,,,,,,,,,
0.3,240,0,0.5,0,0,0,0,,,,,,,,,
0.3,250,0,0.5,0,0,0,0,,,,,,,,,
0.3,260,0,0.5,0,0,0,0,,,,,,,,,
0.3,270,0,0.5,0,0,0,0,,,,,,,,,
0.3,280,0,0.5,0,0,0,0,,,,,,,,,
0.3,290,0,0.5,0,0,0,0,,,,,,,,,
0.3,300,0,0.5,0,0,0,0,,,,,,,,,
0.3,310,0,0.5,0,0,0,0,,,,,,,,,
0.3,320,0,0.5,0,0,0,0,,,,,,,,,
0.3,330,0,0.5,0,0,0,0,,,,,,,,,
0.3,340,0,0.5,0,0,0,0,,,,,,,,,
0.3,350,0,0.5,0,0,0,0,,,,,,,,,
0.3,360,0,0.5,0,0,0,0,,,,,,,,,
0.3,370,0,0.5,0,0,0,0,,,,,,,,,
0.3,380,0,0.5,0,0,0,0,,,,,,,,,
0.3,390,0,0.5,0,0,0,0,,,,,,,,,
0.3,400,0,0.5,0,0,0,0,,,,,,,,,
0.3,410,0,0.5,0,0,0,0,,,,,,,,,
0.3,420,0,0.5,0,0,0,0,,,,,,,,,
0.3,430,0,0.5,0,0,0,0,,,,,,,,,
0.3,440,0,0.5,0,0,0,0,,,,,,,,,
0.3,450,0,0.5,0,0,0,0,,,,,,,,,
0.3,460,0,0.5,0,0,0,0,,,,,,,,,
0.3,470,0,0.5,0,0,0,0,,,,,,,,,
0.3,480,0,0.5,0,0,0,0,,,,,,,,,
0.3,490,0,0.5,0,0,0,0,,,,,,,,,
0.3,500,0,0.5,0,0,0,0,,,,,,,,,
0.31,10,0,0.5,0,0,0,0,,,,,,,,,
0.31,20,0,0.5,0,0,0,0,,,,,,,,,
0.31,30,0,0.5,0,0,0,0,,,,,,,,,
0.31,40,0,0.5,0,0,0,0,,,,,,,,,
0.31,50,0,0.5,0,0,0,0,,,,,,,,,
0.31,60,0,0.5,0,0,0,0,,,,,,,,,
0.31,70,0,0.5,0,0,0,0,,,,,,,,,
0.31,80,0,0.5,0,0,0,0,,,,,,,,,
0.31,90,0,0.5,0,0,0,0,,,,,,,,,
0.31,100,0,0.5,0,0,0,0,,,,,,,,,
0.31,110,0,0.5,0,0,0,0,,,,,,,,,
0.31,120,0,0.5,0,0,0,0,,,,,,,,,
0.31,130,0,0.5,0,0,0,0,,,,,,,,,
0.31,140,0,0.5,0,0,0,0,,,,,,,,,
0.31,150,0,0.5,0,0,0,0,,,,,,,,,
0.31,160,0,0.5,0,0,0,0,,,,,,,,,
0.31,170,0,0.5,0,0,0,0,,,,,,,,,
0.31,180,0,0.5,0,0,0,0,,,,,,,,,
0.31,190,0,0.5,0,0,0,0,,,,,,,,,
0.31,200,0,0.5,0,0,0,0,,,,,,,,,
0.31,210,0,0.5,0,0,0,0,,,,,,,,,
0.31,220,0,0.5,0,0,0,0,,,,,,,,,
0.31,230,0,0.5,0,0,0,0,,,,,,,,,
0.31,240,0,0.5,0,0,0,0,,,,,,,,,
0.31,250,0,0.5,0,0,0,0,,,,,,,,,
0.31,260,0,0.5,0,0,0,0,,,,,,,,,
0.31,270,0,0.5,0,0,0,0,,,,,,,,,
0.31,280,0,0.5,0,0,0,0,,,,,,,,,
0.31,290,0,0.5,0,0,0,0,,,,,,,,,
0.31,300,0,0.5,0,0,0,0,,,,,,,,,
0.31,310,0,0.5,0,0,0,0,,,,,,,,,
0.31,320,0,0.5,0,0,0,0,,,,,,,,,
0.31,330,0,0.5,0,0,0,0,,,,,,,,,
0.31,340,0,0.5,0,0,0,0,,,,,,,,,
0.31,350,0,0.5,0,0,0,0,,,,,,,,,
0.31,360,0,0.5,0,0,0,0,,,,,,,,,
0.31,370,0,0.5,0,0,0,0,,,,,,,,,
0.31,380,0,0.5,0,0,0,0,,,,,,,,,
0.31,390,0,0.5,0,0,0,0,,,,,,,,,
0.31,400,0,0.5,0,0,0,0,,,,,,,,,
0.31,410,0,0.5,0,0,0,0,,,,,,,,,
0.31,420,0,0.5,0,0,0,0,,,,,,,,,
0.31,430,0,0.5,0,0,0,0,,,,,,,,,
0.31,440,0,0.5,0,0,0,0,,,,,,,,,
0.31,450,0,0.5,0,0,0,0,,,,,,,,,
0.31,460,0,0.5,0,0,0,0,,,,,,,,,
0.31,470,0,0.5,0,0,0,0,,,,,,,,,
0.31,480,0,0.5,0,0,0,0,,,,,,,,,
0.31,490,0,0.5,0,0,0,0,,,,,,,,,
0.31,500,0,0.5,0,0,0,0,,,,,,,,,
0.32,10,0,0.5,0,0,0,0,,,,,,,,,
0.32,20,0,0.5,0,0,0,0,,,,,,,,,
0.32,30,0,0.5,0,0,0,0,,,,,,,,,
0.32,40,0,0.5,0,0,0,0,,,,,,,,,
0.32,50,0,0.5,0,0,0,0,,,,,,,,,
0.32,60,0,0.5,0,0,0,0,,,,,,,,,
0.32,70,0,0.5,0,0,0,0,,,,,,,,,
0.32,80,0,0.5,0,0,0,0,,,,,,,,,
0.32,90,0,0.5,0,0,0,0,,,,,,,,,
0.32,100,0,0.5,0,0,0,0,,,,,,,,,
0.32,110,0,0.5,0,0,0,0,,,,,,,,,
0.32,120,0,0.5,0,0,0,0,,,,,,,,,
0.32,130,0,0.5,0,0,0,0,,,,,,,,,
0.32,140,0,0.5,0,0,0,0,,,,,,,,,
0.32,150,0,0.5,0,0,0,0,,,,,,,,,
0.32,160,0,0.5,0,0,0,0,,,,,,,,,
0.32,170,0,0.5,0,0,0,0,,,,,,,,,
0.32,180,0,0.5,0,0,0,0,,,,,,,,,
0.32,190,0,0.5,0,0,0,0,,,,,,,,,
0.32,200,0,0.5,0,0,0,0,,,,,,,,,
0.32,210,0,0.5,0,0,0,0,,,,,,,,,
0.32,220,0,0.5,0,0,0,0,,,,,,,,,
0.32,230,0,0.5,0,0,0,0,,,,,,,,,
0.32,240,0,0.5,0,0,0,0,,,,,,,,,
0.32,250,0,0.5,0,0,0,0,,,,,,,,,
0.32,260,0,0.5,0,0,0,0,,,,,,,,,
0.32,270,0,0.5,0,0,0,0,,,,,,,,,
0.32,280,0,0.5,0,0,0,0,,,,,,,,,
0.32,290,0,0.5,0,0,0,0,,,,,,,,,
0.32,300,0,0.5,0,0,0,0,,,,,,,,,
0.32,310,0,0.5,0,0,0,0,,,,,,,,,
0.32,320,0,0.5,0,0,0,0,,,,,,,,,
0.32,330,0,0.5,0,0,0,0,,,,,,,,,
0.32,340,0,0.5,0,0,0,0,,,,,,,,,
0.32,350,0,0.5,0,0,0,0,,,,,,,,,
0.32,360,0,0.5,0,0,0,0,,,,,,,,,
0.32,370,0,0.5,0,0,0,0,,,,,,,,,
0.32,380,0,0.5,0,0,0,0,,,,,,,,,
0.32,390,0,0.5,0,0,0,0,,,,,,,,,
0.32,410,0,0.4999,0,0,0,0.0002,,,,,,,,,
0.32,420,0,0.5,0,0,0,0,,,,,,,,,
0.32,430,0,0.5,0,0,0,0,,,,,,,,,
0.32,440,0,0.5,0,0,0,0,,,,,,,,,
0.32,450,0,0.5,0,0,0,0,,,,,,,,,
0.32,460,0,0.5,0,0,0,0,,,,,,,,,
0.32,470,0,0.5,0,0,0,0,,,,,,,,,
0.32,480,0,0.5,0,0,0,0,,,,,,,,,
0.32,490,0,0.5,0,0,0,0,,,,,,,,,
0.32,500,0,0.5,0,0,0,0,,,,,,,,,
0.33,10,0,0.5,0,0,0,0,,,,,,,,,
0.33,20,0,0.5,0,0,0,0,,,,,,,,,
0.33,30,0,0.5,0,0,0,0,,,,,,,,,
0.33,40,0,0.5,0,0,0,0,,,,,,,,,
0.33,50,0,0.5,0,0,0,0,,,,,,,,,
0.33,60,0,0.5,0,0,0,0,,,,,,,,,
0.33,70,0,0.5,0,0,0,0,,,,,,,,,
0.33,80,0,0.5,0,0,0,0,,,,,,,,,
0.33,90,0,0.5,0,0,0,0,,,,,,,,,
0.33,100,0,0.5,0,0,0,0,,,,,,,,,
0.33,110,0,0.5,0,0,0,0,,,,,,,,,
0.33,120,0,0.5,0,0,0,0,,,,,,,,,
0.33,130,0,0.5,0,0,0,0,,,,,,,,,
0.33,140,0,0.5,0,0,0,0,,,,,,,,,
0.33,150,0,0.5,0,0,0,0,,,,,,,,,
0.33,160,0,0.5,0,0,0,0,,,,,,,,,
0.33,170,0,0.5,0,0,0,0,,,,,,,,,
0.33,180,0,0.5,0,0,0,0,,,,,,,,,
0.33,190,0,0.5,0,0,0,0,,,,,,,,,
0.33,200,0,0.5,0,0,0,0,,,,,,,,,
0.33,210,0,0.5,0,0,0,0,,,,,,,,,
0.33,220,0,0.5,0,0,0,0,,,,,,,,,
0.33,230,0,0.5,0,0,0,0,,,,,,,,,
0.33,240,0,0.5,0,0,0,0,,,,,,,,,
0.33,250,0,0.5,0,0,0,0,,,,,,,,,
0.33,260,0,0.5,0,0,0,0,,,,,,,,,
0.33,270,0,0.5,0,0,0,0,,,,,,,,,
0.33,280,0,0.5,0,0,0,0,,,,,,,,,
0.33,290,0,0.5,0,0,0,0,,,,,,,,,
0.33,300,0,0.5,0,0,0,0,,,,,,,,,
0.33,310,0,0.5,0,0,0,0,,,,,,,,,
0.33,320,0,0.5,0,0,0,0,,,,,,,,,
0.33,330,0,0.5,0,0,0,0,,,,,,,,,
0.33,340,0,0.5,0,0,0,0,,,,,,,,,
0.33,350,0,0.5,0,0,0,0,,,,,,,,,
0.33,360,0,0.5,0,0,0,0,,,,,,,,,
0.33,370,0,0.5,0,0,0,0,,,,,,,,,
0.33,380,0,0.5,0,0,0,0,,,,,,,,,
0.33,390,0,0.5,0,0,0,0,,,,,,,,,
0.33,400,0,0.5,0,0,0,0,,,,,,,,,
0.33,410,0,0.5,0,0,0,0,,,,,,,,,
0.33,420,0,0.5,0,0,0,0,,,,,,,,,
0.33,430,0,0.5,0,0,0,0,,,,,,,,,
0.33,440,0,0.5,0,0,0,0,,,,,,,,,
0.33,450,0,0.5,0,0,0,0,,,,,,,,,
0.33,460,0,0.5,0,0,0,0,,,,,,,,,
0.33,470,0,0.5,0,0,0,0,,,,,,,,,
0.33,480,0,0.5,0,0,0,0,,,,,,,,,
0.33,490,0,0.5,0,0,0,0,,,,,,,,,
0.33,500,0,0.5,0,0,0,0,,,,,,,,,
0.34,10,0,0.5,0,0,0,0,,,,,,,,,
0.34,20,0,0.5,0,0,0,0,,,,,,,,,
0.34,30,0,0.5,0,0,0,0,,,,,,,,,
0.34,40,0,0.5,0,0,0,0,,,,,,,,,
0.34,50,0,0.5,0,0,0,0,,,,,,,,,
0.34,60,0,0.5,0,0,0,0,,,,,,,,,
0.34,70,0,0.5,0,0,0,0,,,,,,,,,
0.34,80,0,0.5,0,0,0,0,,,,,,,,,
0.34,90,0,0.5,0,0,0,0,,,,,,,,,
0.34,100,0,0.5,0,0,0,0,,,,,,,,,
0.34,120,0,0.5,0,0,0,0,,,,,,,,,
0.34,130,0,0.5,0,0,0,0,,,,,,,,,
0.34,140,0,0.5,0,0,0,0,,,,,,,,,
0.34,150,0,0.5,0,0,0,0,,,,,,,,,
0.34,160,0,0.5,0,0,0,0,,,,,,,,,
0.34,170,0,0.5,0,0,0,0,,,,,,,,,
0.34,180,0,0.5,0,0,0,0,,,,,,,,,
0.34,190,0,0.5,0,0,0,0,,,,,,,,,
0.34,200,0,0.5,0,0,0,0,,,,,,,,,
0.34,210,0,0.5,0,0,0,0,,,,,,,,,
0.34,220,0,0.5,0,0,0,0,,,,,,,,,
0.34,230,0,0.5,0,0,0,0,,,,,,,,,
0.34,240,0,0.5,0,0,0,0,,,,,,,,,
0.34,250,0,0.5,0,0,0,0,,,,,,,,,
0.34,260,0,0.5,0,0,0,0,,,,,,,,,
0.34,270,0,0.5,0,0,0,0,,,,,,,,,
0.34,280,0,0.5,0,0,0,0,,,,,,,,,
0.34,290,0,0.5,0,0,0,0,,,,,,,,,
0.34,300,0,0.5,0,0,0,0,,,,,,,,,
0.34,310,0,0.5,0,0,0,0,,,,,,,,,
0.34,320,0,0.5,0,0,0,0,,,,,,,,,
0.34,330,0,0.5,0,0,0,0,,,,,,,,,
0.34,340,0,0.5,0,0,0,0,,,,,,,,,
0.34,350,0,0.5,0,0,0,0,,,,,,,,,
0.34,360,0,0.5,0,0,0,0,,,,,,,,,
0.34,370,0,0.5,0,0,0,0,,,,,,,,,
0.34,380,0,0.5,0,0,0,0,,,,,,,,,
0.34,390,0,0.5,0,0,0,0,,,,,,,,,
0.34,400,0,0.5,0,0,0,0,,,,,,,,,
0.34,410,0,0.5,0,0,0,0,,,,,,,,,
0.34,420,0,0.5,0,0,0,0,,,,,,,,,
0.34,430,0,0.5,0,0,0,0,,,,,,,,,
0.34,440,0,0.5,0,0,0,0,,,,,,,,,
0.34,450,0,0.5,0,0,0,0,,,,,,,,,
0.34,460,0,0.5,0,0,0,0,,,,,,,,,
0.34,470,0,0.5,0,0,0,0,,,,,,,,,
0.34,480,0,0.5,0,0,0,0,,,,,,,,,
0.34,490,0,0.5,0,0,0,0,,,,,,,,,
0.34,500,0,0.5,0,0,0,0,,,,,,,,,
0.35,10,0,0.5,0,0,0,0,,,,,,,,,
0.35,20,0,0.5,0,0,0,0,,,,,,,,,
0.35,30,0,0.5,0,0,0,0,,,,,,,,,
0.35,40,0,0.5,0,0,0,0,,,,,,,,,
0.35,50,0,0.5,0,0,0,0,,,,,,,,,
0.35,60,0,0.5,0,0,0,0,,,,,,,,,
0.35,70,0,0.5,0,0,0,0,,,,,,,,,
0.35,80,0,0.5,0,0,0,0,,,,,,,,,
0.35,90,0,0.5,0,0,0,0,,,,,,,,,
0.35,100,0,0.5,0,0,0,0,,,,,,,,,
0.35,110,0,0.5,0,0,0,0,,,,,,,,,
0.35,120,0,0.5,0,0,0,0,,,,,,,,,
0.35,130,0,0.5,0,0,0,0,,,,,,,,,
0.35,140,0,0.5,0,0,0,0,,,,,,,,,
0.35,150,0,0.5,0,0,0,0,,,,,,,,,
0.35,160,0,0.4999,0,0,0,0.0002,,,,,,,,,
0.35,170,0,0.5,0,0,0,0,,,,,,,,,
0.35,180,0,0.5,0,0,0,0,,,,,,,,,
0.35,190,0,0.5,0,0,0,0,,,,,,,,,
0.35,200,0,0.5,0,0,0,0,,,,,,,,,
0.35,210,0,0.5,0,0,0,0,,,,,,,,,
0.35,220,0,0.5,0,0,0,0,,,,,,,,,
0.35,230,0,0.5,0,0,0,0,,,,,,,,,
0.35,240,0,0.5,0,0,0,0,,,,,,,,,
0.35,250,0,0.5,0,0,0,0,,,,,,,,,
0.35,260,0,0.5,0,0,0,0,,,,,,,,,
0.35,270,0,0.5,0,0,0,0,,,,,,,,,
0.35,280,0,0.5,0,0,0,0,,,,,,,,,
0.35,290,0,0.5,0,0,0,0,,,,,,,,,
0.35,300,0,0.5,0,0,0,0,,,,,,,,,
0.35,310,0,0.5,0,0,0,0,,,,,,,,,
0.35,320,0,0.5,0,0,0,0,,,,,,,,,
0.35,330,0,0.5,0,0,0,0,,,,,,,,,
0.35,340,0,0.5,0,0,0,0,,,,,,,,,
0.35,350,0,0.5,0,0,0,0,,,,,,,,,
0.35,360,0,0.5,0,0,0,0,,,,,,,,,
0.35,370,0,0.5,0,0,0,0,,,,,,,,,
0.35,380,0,0.5,0,0,0,0,,,,,,,,,
0.35,390,0,0.5,0,0,0,0,,,,,,,,,
0.35,400,0,0.5,0,0,0,0,,,,,,,,,
0.35,410,0,0.5,0,0,0,0,,,,,,,,,
0.35,420,0,0.5,0,0,0,0,,,,,,,,,
0.35,430,0,0.5,0,0,0,0,,,,,,,,,
0.35,440,0,0.5,0,0,0,0,,,,,,,,,
0.35,450,0,0.5,0,0,0,0,,,,,,,,,
0.35,460,0,0.5,0,0,0,0,,,,,,,,,
0.35,470,0,0.5,0,0,0,0,,,,,,,,,
0.35,480,0,0.5,0,0,0,0,,,,,,,,,
0.35,490,0,0.5,0,0,0,0,,,,,,,,,
0.35,500,0,0.5,0,0,0,0,,,,,,,,,
0.36,10,0,0.5,0,0,0,0,,,,,,,,,
0.36,20,0,0.5,0,0,0,0,,,,,,,,,
0.36,30,0,0.5,0,0,0,0,,,,,,,,,
0.36,40,0,0.5,0,0,0,0,,,,,,,,,
0.36,50,0,0.5,0,0,0,0,,,,,,,,,
0.36,60,0,0.5,0,0,0,0,,,,,,,,,
0.36,70,0,0.5,0,0,0,0,,,,,,,,,
0.36,80,0,0.5,0,0,0,0,,,,,,,,,
0.36,100,0,0.5,0,0,0,0,,,,,,,,,
0.36,110,0,0.5,0,0,0,0,,,,,,,,,
0.36,120,0,0.5,0,0,0,0,,,,,,,,,
0.36,130,0,0.5,0,0,0,0,,,,,,,,,
0.36,140,0,0.5,0,0,0,0,,,,,,,,,
0.36,150,0,0.5,0,0,0,0,,,,,,,,,
0.36,160,0,0.5,0,0,0,0,,,,,,,,,
0.36,170,0,0.5,0,0,0,0,,,,,,,,,
0.36,180,0,0.5,0,0,0,0,,,,,,,,,
0.36,190,0,0.5,0,0,0,0,,,,,,,,,
0.36,200,0,0.5,0,0,0,0,,,,,,,,,
0.36,210,0,0.5,0,0,0,0,,,,,,,,,
0.36,220,0,0.5,0,0,0,0,,,,,,,,,
0.36,230,0,0.5,0,0,0,0,,,,,,,,,
0.36,240,0,0.5,0,0,0,0,,,,,,,,,
0.36,250,0,0.5,0,0,0,0,,,,,,,,,
0.36,260,0,0.5,0,0,0,0,,,,,,,,,
0.36,270,0,0.5,0,0,0,0,,,,,,,,,
0.36,280,0,0.5,0,0,0,0,,,,,,,,,
0.36,290,0,0.5,0,0,0,0,,,,,,,,,
0.36,300,0,0.5,0,0,0,0,,,,,,,,,
0.36,310,0,0.5,0,0,0,0,,,,,,,,,
0.36,320,0,0.5,0,0,0,0,,,,,,,,,
0.36,330,0,0.5,0,0,0,0,,,,,,,,,
0.36,340,0,0.5,0,0,0,0,,,,,,,,,
0.36,350,0,0.5,0,0,0,0,,,,,,,,,
0.36,360,0,0.5,0,0,0,0,,,,,,,,,
0.36,370,0,0.5,0,0,0,0,,,,,,,,,
0.36,380,0,0.5,0,0,0,0,,,,,,,,,
0.36,390,0,0.5,0,0,0,0,,,,,,,,,
0.36,400,0,0.5,0,0,0,0,,,,,,,,,
0.36,410,0,0.5,0,0,0,0,,,,,,,,,
0.36,420,0,0.5,0,0,0,0,,,,,,,,,
0.36,430,0,0.5,0,0,0,0,,,,,,,,,
0.36,440,0,0.5,0,0,0,0,,,,,,,,,
0.36,450,0,0.5,0,0,0,0,,,,,,,,,
0.36,460,0,0.5,0,0,0,0,,,,,,,,,
0.36,470,0,0.5,0,0,0,0,,,,,,,,,
0.36,480,0,0.5,0,0,0,0,,,,,,,,,
0.36,490,0,0.5,0,0,0,0,,,,,,,,,
0.36,500,0,0.5,0,0,0,0,,,,,,,,,
0.37,10,0,0.5,0,0,0,0,,,,,,,,,
0.37,20,0,0.5,0,0,0,0,,,,,,,,,
0.37,30,0,0.5,0,0,0,0,,,,,,,,,
0.37,40,0,0.5,0,0,0,0,,,,,,,,,
0.37,50,0,0.5,0,0,0,0,,,,,,,,,
0.37,60,0,0.5,0,0,0,0,,,,,,,,,
0.37,70,0,0.5,0,0,0,0,,,,,,,,,
0.37,80,0,0.5,0,0,0,0,,,,,,,,,
0.37,90,0,0.5,0,0,0,0,,,,,,,,,
0.37,100,0,0.5,0,0,0,0,,,,,,,,,
0.37,110,0,0.5,0,0,0,0,,,,,,,,,
0.37,120,0,0.5,0,0,0,0,,,,,,,,,
0.37,130,0,0.5,0,0,0,0,,,,,,,,,
0.37,140,0,0.5,0,0,0,0,,,,,,,,,
0.37,150,0,0.5,0,0,0,0,,,,,,,,,
0.37,160,0,0.5,0,0,0,0,,,,,,,,,
0.37,170,0,0.5,0,0,0,0,,,,,,,,,
0.37,180,0,0.5,0,0,0,0,,,,,,,,,
0.37,190,0,0.5,0,0,0,0,,,,,,,,,
0.37,200,0,0.5,0,0,0,0,,,,,,,,,
0.37,210,0,0.5,0,0,0,0,,,,,,,,,
0.37,220,0,0.5,0,0,0,0,,,,,,,,,
0.37,230,0,0.5,0,0,0,0,,,,,,,,,
0.37,240,0,0.5,0,0,0,0,,,,,,,,,
0.37,250,0,0.5,0,0,0,0,,,,,,,,,
0.37,260,0,0.5,0,0,0,0,,,,,,,,,
0.37,270,0,0.5,0,0,0,0,,,,,,,,,
0.37,280,0,0.5,0,0,0,0,,,,,,,,,
0.37,290,0,0.5,0,0,0,0,,,,,,,,,
0.37,300,0,0.5,0,0,0,0,,,,,,,,,
0.37,310,0,0.5,0,0,0,0,,,,,,,,,
0.37,320,0,0.5,0,0,0,0,,,,,,,,,
0.37,330,0,0.5,0,0,0,0,,,,,,,,,
0.37,340,0,0.5,0,0,0,0,,,,,,,,,
0.37,350,0,0.5,0,0,0,0,,,,,,,,,
0.37,360,0,0.5,0,0,0,0,,,,,,,,,
0.37,370,0,0.5,0,0,0,0,,,,,,,,,
0.37,380,0,0.5,0,0,0,0,,,,,,,,,
0.37,390,0,0.5,0,0,0,0,,,,,,,,,
0.37,400,0,0.5,0,0,0,0,,,,,,,,,
0.37,410,0,0.5,0,0,0,0,,,,,,,,,
0.37,420,0,0.5,0,0,0,0,,,,,,,,,
0.37,430,0,0.5,0,0,0,0,,,,,,,,,
0.37,440,0,0.5,0,0,0,0,,,,,,,,,
0.37,450,0,0.5,0,0,0,0,,,,,,,,,
0.37,460,0,0.5,0,0,0,0,,,,,,,,,
0.37,470,0,0.5,0,0,0,0,,,,,,,,,
0.37,480,0,0.5,0,0,0,0,,,,,,,,,
0.37,490,0,0.5,0,0,0,0,,,,,,,,,
0.37,500,0,0.5,0,0,0,0,,,,,,,,,
0.38,10,0,0.5,0,0,0,0,,,,,,,,,
0.38,20,0,0.5,0,0,0,0,,,,,,,,,
0.38,30,0,0.5,0,0,0,0,,,,,,,,,
0.38,40,0,0.5,0,0,0,0,,,,,,,,,
0.38,50,0,0.5,0,0,0,0,,,,,,,,,
0.38,60,0,0.5,0,0,0,0,,,,,,,,,
0.38,70,0,0.5,0,0,0,0,,,,,,,,,
0.38,80,0,0.5,0,0,0,0,,,,,,,,,
0.38,90,0,0.5,0,0,0,0,,,,,,,,,
0.38,100,0,0.5,0,0,0,0,,,,,,,,,
0.38,110,0,0.5,0,0,0,0,,,,,,,,,
0.38,120,0,0.5,0,0,0,0,,,,,,,,,
0.38,130,0,0.5,0,0,0,0,,,,,,,,,
0.38,140,0,0.5,0,0,0,0,,,,,,,,,
0.38,150,0,0.5,0,0,0,0,,,,,,,,,
0.38,160,0,0.5,0,0,0,0,,,,,,,,,
0.38,170,0,0.5,0,0,0,0,,,,,,,,,
0.38,180,0,0.5,0,0,0,0,,,,,,,,,
0.38,190,0,0.5,0,0,0,0,,,,,,,,,
0.38,200,0,0.5,0,0,0,0,,,,,,,,,
0.38,210,0,0.5,0,0,0,0,,,,,,,,,
0.38,220,0,0.5,0,0,0,0,,,,,,,,,
0.38,230,0,0.5,0,0,0,0,,,,,,,,,
0.38,240,0,0.5,0,0,0,0,,,,,,,,,
0.38,250,0,0.5,0,0,0,0,,,,,,,,,
0.38,260,0,0.5,0,0,0,0,,,,,,,,,
0.38,270,0,0.5,0,0,0,0,,,,,,,,,
0.38,280,0,0.5,0,0,0,0,,,,,,,,,
0.38,290,0,0.5,0,0,0,0,,,,,,,,,
0.38,300,0,0.5,0,0,0,0,,,,,,,,,
0.38,310,0,0.5,0,0,0,0,,,,,,,,,
0.38,320,0,0.5,0,0,0,0,,,,,,,,,
0.38,330,0,0.5,0,0,0,0,,,,,,,,,
0.38,340,0,0.5,0,0,0,0,,,,,,,,,
0.38,350,0,0.5,0,0,0,0,,,,,,,,,
0.38,360,0,0.5,0,0,0,0,,,,,,,,,
0.38,370,0,0.5,0,0,0,0,,,,,,,,,
0.38,380,0,0.5,0,0,0,0,,,,,,,,,
0.38,390,0,0.5,0,0,0,0,,,,,,,,,
0.38,400,0,0.5,0,0,0,0,,,,,,,,,
0.38,410,0,0.5,0,0,0,0,,,,,,,,,
0.38,420,0,0.5,0,0,0,0,,,,,,,,,
0.38,430,0,0.5,0,0,0,0,,,,,,,,,
0.38,440,0,0.5,0,0,0,0,,,,,,,,,
0.38,450,0,0.5,0,0,0,0,,,,,,,,,
0.38,460,0,0.5,0,0,0,0,,,,,,,,,
0.38,470,0,0.5,0,0,0,0,,,,,,,,,
0.38,480,0,0.5,0,0,0,0,,,,,,,,,
0.38,490,0,0.5,0,0,0,0,,,,,,,,,
0.38,500,0,0.5,0,0,0,0,,,,,,,,,
0.39,10,0,0.5,0,0,0,0,,,,,,,,,
0.39,20,0,0.5,0,0,0,0,,,,,,,,,
0.39,30,0,0.5,0,0,0,0,,,,,,,,,
0.39,40,0,0.5,0,0,0,0,,,,,,,,,
0.39,50,0,0.5,0,0,0,0,,,,,,,,,
0.39,60,0,0.5,0,0,0,0,,,,,,,,,
0.39,70,0,0.5,0,0,0,0,,,,,,,,,
0.39,80,0,0.5,0,0,0,0,,,,,,,,,
0.39,90,0,0.5,0,0,0,0,,,,,,,,,
0.39,100,0,0.5,0,0,0,0,,,,,,,,,
0.39,110,0,0.5,0,0,0,0,,,,,,,,,
0.39,120,0,0.5,0,0,0,0,,,,,,,,,
0.39,130,0,0.5,0,0,0,0,,,,,,,,,
0.39,140,0,0.5,0,0,0,0,,,,,,,,,
0.39,150,0,0.5,0,0,0,0,,,,,,,,,
0.39,160,0,0.5,0,0,0,0,,,,,,,,,
0.39,170,0,0.5,0,0,0,0,,,,,,,,,
0.39,180,0,0.5,0,0,0,0,,,,,,,,,
0.39,190,0,0.5,0,0,0,0,,,,,,,,,
0.39,200,0,0.5,0,0,0,0,,,,,,,,,
0.39,210,0,0.5,0,0,0,0,,,,,,,,,
0.39,220,0,0.5,0,0,0,0,,,,,,,,,
0.39,230,0,0.5,0,0,0,0,,,,,,,,,
0.39,240,0,0.5,0,0,0,0,,,,,,,,,
0.39,250,0,0.5,0,0,0,0,,,,,,,,,
0.39,260,0,0.5,0,0,0,0,,,,,,,,,
0.39,270,0,0.5,0,0,0,0,,,,,,,,,
0.39,280,0,0.5,0,0,0,0,,,,,,,,,
0.39,290,0,0.5,0,0,0,0,,,,,,,,,
0.39,300,0,0.5,0,0,0,0,,,,,,,,,
0.39,310,0,0.5,0,0,0,0,,,,,,,,,
0.39,320,0,0.5,0,0,0,0,,,,,,,,,
0.39,330,0,0.5,0,0,0,0,,,,,,,,,
0.39,340,0,0.5,0,0,0,0,,,,,,,,,
0.39,350,0,0.5,0,0,0,0,,,,,,,,,
0.39,360,0,0.5,0,0,0,0,,,,,,,,,
0.39,370,0,0.5,0,0,0,0,,,,,,,,,
0.39,380,0,0.5,0,0,0,0,,,,,,,,,
0.39,390,0,0.5,0,0,0,0,,,,,,,,,
0.39,400,0,0.5,0,0,0,0,,,,,,,,,
0.39,410,0,0.5,0,0,0,0,,,,,,,,,
0.39,420,0,0.5,0,0,0,0,,,,,,,,,
0.39,430,0,0.5,0,0,0,0,,,,,,,,,
0.39,440,0,0.5,0,0,0,0,,,,,,,,,
0.39,450,0,0.5,0,0,0,0,,,,,,,,,
0.39,460,0,0.5,0,0,0,0,,,,,,,,,
0.39,470,0,0.5,0,0,0,0,,,,,,,,,
0.39,480,0,0.5,0,0,0,0,,,,,,,,,
0.39,490,0,0.5,0,0,0,0,,,,,,,,,
0.39,500,0,0.5,0,0,0,0,,,,,,,,,
0.4,10,0,0.5,0,0,0,0,,,,,,,,,
0.4,20,0,0.5,0,0,0,0,,,,,,,,,
0.4,30,0,0.5,0,0,0,0,,,,,,,,,
0.4,40,0,0.5,0,0,0,0,,,,,,,,,
0.4,50,0,0.5,0,0,0,0,,,,,,,,,
0.4,60,0,0.5,0,0,0,0,,,,,,,,,
0.4,70,0,0.5,0,0,0,0,,,,,,,,,
0.4,80,0,0.5,0,0,0,0,,,,,,,,,
0.4,90,0,0.5,0,0,0,0,,,,,,,,,
0.4,100,0,0.5,0,0,0,0,,,,,,,,,
0.4,110,0,0.5,0,0,0,0,,,,,,,,,
0.4,120,0,0.5,0,0,0,0,,,,,,,,,
0.4,130,0,0.5,0,0,0,0,,,,,,,,,
0.4,140,0,0.5,0,0,0,0,,,,,,,,,
0.4,150,0,0.5,0,0,0,0,,,,,,,,,
0.4,160,0,0.5,0,0,0,0,,,,,,,,,
0.4,170,0,0.5,0,0,0,0,,,,,,,,,
0.4,180,0,0.5,0,0,0,0,,,,,,,,,
0.4,190,0,0.5,0,0,0,0,,,,,,,,,
0.4,200,0,0.5,0,0,0,0,,,,,,,,,
0.4,210,0,0.5,0,0,0,0,,,,,,,,,
0.4,220,0,0.5,0,0,0,0,,,,,,,,,
0.4,230,0,0.5,0,0,0,0,,,,,,,,,
0.4,240,0,0.5,0,0,0,0,,,,,,,,,
0.4,250,0,0.5,0,0,0,0,,,,,,,,,
0.4,260,0,0.5,0,0,0,0,,,,,,,,,
0.4,270,0,0.5,0,0,0,0,,,,,,,,,
0.4,280,0,0.5,0,0,0,0,,,,,,,,,
0.4,290,0,0.5,0,0,0,0,,,,,,,,,
0.4,300,0,0.5,0,0,0,0,,,,,,,,,
0.4,310,0,0.5,0,0,0,0,,,,,,,,,
0.4,320,0,0.5,0,0,0,0,,,,,,,,,
0.4,330,0,0.5,0,0,0,0,,,,,,,,,
0.4,340,0,0.5,0,0,0,0,,,,,,,,,
0.4,350,0,0.5,0,0,0,0,,,,,,,,,
0.4,360,0,0.5,0,0,0,0,,,,,,,,,
0.4,370,0,0.5,0,0,0,0,,,,,,,,,
0.4,380,0,0.5,0,0,0,0,,,,,,,,,
0.4,390,0,0.5,0,0,0,0,,,,,,,,,
0.4,400,0,0.5,0,0,0,0,,,,,,,,,
0.4,410,0,0.5,0,0,0,0,,,,,,,,,
0.4,420,0,0.5,0,0,0,0,,,,,,,,,
0.4,430,0,0.5,0,0,0,0,,,,,,,,,
0.4,440,0,0.5,0,0,0,0,,,,,,,,,
0.4,450,0,0.5,0,0,0,0,,,,,,,,,
0.4,460,0,0.5,0,0,0,0,,,,,,,,,
0.4,470,0,0.5,0,0,0,0,,,,,,,,,
0.4,480,0,0.5,0,0,0,0,,,,,,,,,
0.4,490,0,0.5,0,0,0,0,,,,,,,,,
0.4,500,0,0.5,0,0,0,0,,,,,,,,,
0.41,10,0,0.5,0,0,0,0,,,,,,,,,
0.41,20,0,0.5,0,0,0,0,,,,,,,,,
0.41,30,0,0.5,0,0,0,0,,,,,,,,,
0.41,40,0,0.5,0,0,0,0,,,,,,,,,
0.41,50,0,0.5,0,0,0,0,,,,,,,,,
0.41,60,0,0.5,0,0,0,0,,,,,,,,,
0.41,70,0,0.5,0,0,0,0,,,,,,,,,
0.41,80,0,0.5,0,0,0,0,,,,,,,,,
0.41,90,0,0.5,0,0,0,0,,,,,,,,,
0.41,100,0,0.5,0,0,0,0,,,,,,,,,
0.41,110,0,0.5,0,0,0,0,,,,,,,,,
0.41,120,0,0.5,0,0,0,0,,,,,,,,,
0.41,130,0,0.5,0,0,0,0,,,,,,,,,
0.41,140,0,0.5,0,0,0,0,,,,,,,,,
0.41,150,0,0.5,0,0,0,0,,,,,,,,,
0.41,160,0,0.5,0,0,0,0,,,,,,,,,
0.41,170,0,0.5,0,0,0,0,,,,,,,,,
0.41,180,0,0.5,0,0,0,0,,,,,,,,,
0.41,190,0,0.5,0,0,0,0,,,,,,,,,
0.41,200,0,0.5,0,0,0,0,,,,,,,,,
0.41,210,0,0.5,0,0,0,0,,,,,,,,,
0.41,220,0,0.5,0,0,0,0,,,,,,,,,
0.41,230,0,0.5,0,0,0,0,,,,,,,,,
0.41,240,0,0.5,0,0,0,0,,,,,,,,,
0.41,250,0,0.5,0,0,0,0,,,,,,,,,
0.41,260,0,0.5,0,0,0,0,,,,,,,,,
0.41,270,0,0.5,0,0,0,0,,,,,,,,,
0.41,280,0,0.5,0,0,0,0,,,,,,,,,
0.41,290,0,0.5,0,0,0,0,,,,,,,,,
0.41,300,0,0.5,0,0,0,0,,,,,,,,,
0.41,310,0,0.5,0,0,0,0,,,,,,,,,
0.41,320,0,0.5,0,0,0,0,,,,,,,,,
0.41,330,0,0.5,0,0,0,0,,,,,,,,,
0.41,340,0,0.5,0,0,0,0,,,,,,,,,
0.41,350,0,0.5,0,0,0,0,,,,,,,,,
0.41,360,0,0.5,0,0,0,0,,,,,,,,,
0.41,370,0,0.5,0,0,0,0,,,,,,,,,
0.41,380,0,0.5,0,0,0,0,,,,,,,,,
0.41,390,0,0.5,0,0,0,0,,,,,,,,,
0.41,400,0,0.5,0,0,0,0,,,,,,,,,
0.41,410,0,0.5,0,0,0,0,,,,,,,,,
0.41,420,0,0.5,0,0,0,0,,,,,,,,,
0.41,430,0,0.5,0,0,0,0,,,,,,,,,
0.41,440,0,0.5,0,0,0,0,,,,,,,,,
0.41,450,0,0.5,0,0,0,0,,,,,,,,,
0.41,460,0,0.5,0,0,0,0,,,,,,,,,
0.41,470,0,0.5,0,0,0,0,,,,,,,,,
0.41,480,0,0.5,0,0,0,0,,,,,,,,,
0.41,490,0,0.5,0,0,0,0,,,,,,,,,
0.41,500,0,0.5,0,0,0,0,,,,,,,,,
0.42,10,0,0.5,0,0,0,0,,,,,,,,,
0.42,20,0,0.5,0,0,0,0,,,,,,,,,
0.42,30,0,0.5,0,0,0,0,,,,,,,,,
0.42,40,0,0.5,0,0,0,0,,,,,,,,,
0.42,50,0,0.5,0,0,0,0,,,,,,,,,
0.42,60,0,0.5,0,0,0,0,,,,,,,,,
0.42,70,0,0.5,0,0,0,0,,,,,,,,,
0.42,80,0,0.5,0,0,0,0,,,,,,,,,
0.42,90,0,0.5,0,0,0,0,,,,,,,,,
0.42,100,0,0.5,0,0,0,0,,,,,,,,,
0.42,110,0,0.5,0,0,0,0,,,,,,,,,
0.42,120,0,0.5,0,0,0,0,,,,,,,,,
0.42,130,0,0.5,0,0,0,0,,,,,,,,,
0.42,140,0,0.5,0,0,0,0,,,,,,,,,
0.42,150,0,0.5,0,0,0,0,,,,,,,,,
0.42,160,0,0.5,0,0,0,0,,,,,,,,,
0.42,170,0,0.5,0,0,0,0,,,,,,,,,
0.42,180,0,0.5,0,0,0,0,,,,,,,,,
0.42,190,0,0.5,0,0,0,0,,,,,,,,,
0.42,200,0,0.5,0,0,0,0,,,,,,,,,
0.42,210,0,0.5,0,0,0,0,,,,,,,,,
0.42,220,0,0.5,0,0,0,0,,,,,,,,,
0.42,230,0,0.5,0,0,0,0,,,,,,,,,
0.42,240,0,0.5,0,0,0,0,,,,,,,,,
0.42,250,0,0.5,0,0,0,0,,,,,,,,,
0.42,260,0,0.5,0,0,0,0,,,,,,,,,
0.42,270,0,0.5,0,0,0,0,,,,,,,,,
0.42,280,0,0.5,0,0,0,0,,,,,,,,,
0.42,290,0,0.5,0,0,0,0,,,,,,,,,
0.42,300,0,0.5,0,0,0,0,,,,,,,,,
0.42,310,0,0.5,0,0,0,0,,,,,,,,,
0.42,320,0,0.5,0,0,0,0,,,,,,,,,
0.42,330,0,0.5,0,0,0,0,,,,,,,,,
0.42,340,0,0.5,0,0,0,0,,,,,,,,,
0.42,350,0,0.5,0,0,0,0,,,,,,,,,
0.42,360,0,0.5,0,0,0,0,,,,,,,,,
0.42,370,0,0.5,0,0,0,0,,,,,,,,,
0.42,380,0,0.5,0,0,0,0,,,,,,,,,
0.42,390,0,0.5,0,0,0,0,,,,,,,,,
0.42,400,0,0.5,0,0,0,0,,,,,,,,,
0.42,410,0,0.5,0,0,0,0,,,,,,,,,
0.42,420,0,0.5,0,0,0,0,,,,,,,,,
0.42,430,0,0.5,0,0,0,0,,,,,,,,,
0.42,440,0,0.5,0,0,0,0,,,,,,,,,
0.42,450,0,0.5,0,0,0,0,,,,,,,,,
0.42,460,0,0.5,0,0,0,0,,,,,,,,,
0.42,470,0,0.5,0,0,0,0,,,,,,,,,
0.42,480,0,0.5,0,0,0,0,,,,,,,,,
0.42,490,0,0.5,0,0,0,0,,,,,,,,,
0.42,500,0,0.5,0,0,0,0,,,,,,,,,
0.43,10,0,0.5,0,0,0,0,,,,,,,,,
0.43,20,0,0.5,0,0,0,0,,,,,,,,,
0.43,30,0,0.5,0,0,0,0,,,,,,,,,
0.43,40,0,0.5,0,0,0,0,,,,,,,,,
0.43,50,0,0.5,0,0,0,0,,,,,,,,,
0.43,60,0,0.5,0,0,0,0,,,,,,,,,
0.43,70,0,0.5,0,0,0,0,,,,,,,,,
0.43,80,0,0.5,0,0,0,0,,,,,,,,,
0.43,90,0,0.5,0,0,0,0,,,,,,,,,
0.43,100,0,0.5,0,0,0,0,,,,,,,,,
0.43,110,0,0.5,0,0,0,0,,,,,,,,,
0.43,120,0,0.5,0,0,0,0,,,,,,,,,
0.43,130,0,0.5,0,0,0,0,,,,,,,,,
0.43,140,0,0.5,0,0,0,0,,,,,,,,,
0.43,150,0,0.5,0,0,0,0,,,,,,,,,
0.43,160,0,0.5,0,0,0,0,,,,,,,,,
0.43,170,0,0.5,0,0,0,0,,,,,,,,,
0.43,180,0,0.5,0,0,0,0,,,,,,,,,
0.43,190,0,0.5,0,0,0,0,,,,,,,,,
0.43,200,0,0.5,0,0,0,0,,,,,,,,,
0.43,210,0,0.5,0,0,0,0,,,,,,,,,
0.43,220,0,0.5,0,0,0,0,,,,,,,,,
0.43,230,0,0.5,0,0,0,0,,,,,,,,,
0.43,240,0,0.5,0,0,0,0,,,,,,,,,
0.43,250,0,0.5,0,0,0,0,,,,,,,,,
0.43,260,0,0.5,0,0,0,0,,,,,,,,,
0.43,270,0,0.5,0,0,0,0,,,,,,,,,
0.43,280,0,0.5,0,0,0,0,,,,,,,,,
0.43,290,0,0.5,0,0,0,0,,,,,,,,,
0.43,300,0,0.5,0,0,0,0,,,,,,,,,
0.43,310,0,0.5,0,0,0,0,,,,,,,,,
0.43,320,0,0.5,0,0,0,0,,,,,,,,,
0.43,330,0,0.5,0,0,0,0,,,,,,,,,
0.43,340,0,0.5,0,0,0,0,,,,,,,,,
0.43,350,0,0.5,0,0,0,0,,,,,,,,,
0.43,360,0,0.5,0,0,0,0,,,,,,,,,
0.43,370,0,0.5,0,0,0,0,,,,,,,,,
0.43,380,0,0.5,0,0,0,0,,,,,,,,,
0.43,390,0,0.5,0,0,0,0,,,,,,,,,
0.43,400,0,0.5,0,0,0,0,,,,,,,,,
0.43,410,0,0.5,0,0,0,0,,,,,,,,,
0.43,420,0,0.5,0,0,0,0,,,,,,,,,
0.43,430,0,0.5,0,0,0,0,,,,,,,,,
0.43,440,0,0.5,0,0,0,0,,,,,,,,,
0.43,450,0,0.5,0,0,0,0,,,,,,,,,
0.43,460,0,0.5,0,0,0,0,,,,,,,,,
0.43,470,0,0.5,0,0,0,0,,,,,,,,,
0.43,480,0,0.5,0,0,0,0,,,,,,,,,
0.43,490,0,0.5,0,0,0,0,,,,,,,,,
0.43,500,0,0.5,0,0,0,0,,,,,,,,,
0.44,10,0,0.5,0,0,0,0,,,,,,,,,
0.44,20,0,0.5,0,0,0,0,,,,,,,,,
0.44,30,0,0.5,0,0,0,0,,,,,,,,,
0.44,40,0,0.5,0,0,0,0,,,,,,,,,
0.44,50,0,0.5,0,0,0,0,,,,,,,,,
0.44,60,0,0.5,0,0,0,0,,,,,,,,,
0.44,70,0,0.5,0,0,0,0,,,,,,,,,
0.44,80,0,0.5,0,0,0,0,,,,,,,,,
0.44,90,0,0.5,0,0,0,0,,,,,,,,,
0.44,100,0,0.5,0,0,0,0,,,,,,,,,
0.44,110,0,0.5,0,0,0,0,,,,,,,,,
0.44,120,0,0.5,0,0,0,0,,,,,,,,,
0.44,130,0,0.5,0,0,0,0,,,,,,,,,
0.44,140,0,0.5,0,0,0,0,,,,,,,,,
0.44,150,0,0.5,0,0,0,0,,,,,,,,,
0.44,160,0,0.5,0,0,0,0,,,,,,,,,
0.44,170,0,0.5,0,0,0,0,,,,,,,,,
0.44,180,0,0.5,0,0,0,0,,,,,,,,,
0.44,190,0,0.5,0,0,0,0,,,,,,,,,
0.44,200,0,0.5,0,0,0,0,,,,,,,,,
0.44,210,0,0.5,0,0,0,0,,,,,,,,,
0.44,220,0,0.5,0,0,0,0,,,,,,,,,
0.44,230,0,0.5,0,0,0,0,,,,,,,,,
0.44,240,0,0.5,0,0,0,0,,,,,,,,,
0.44,250,0,0.5,0,0,0,0,,,,,,,,,
0.44,260,0,0.5,0,0,0,0,,,,,,,,,
0.44,270,0,0.5,0,0,0,0,,,,,,,,,
0.44,280,0,0.5,0,0,0,0,,,,,,,,,
0.44,290,0,0.5,0,0,0,0,,,,,,,,,
0.44,300,0,0.5,0,0,0,0,,,,,,,,,
0.44,310,0,0.5,0,0,0,0,,,,,,,,,
0.44,320,0,0.5,0,0,0,0,,,,,,,,,
0.44,330,0,0.5,0,0,0,0,,,,,,,,,
0.44,340,0,0.5,0,0,0,0,,,,,,,,,
0.44,350,0,0.5,0,0,0,0,,,,,,,,,
0.44,360,0,0.5,0,0,0,0,,,,,,,,,
0.44,370,0,0.5,0,0,0,0,,,,,,,,,
0.44,380,0,0.5,0,0,0,0,,,,,,,,,
0.44,390,0,0.5,0,0,0,0,,,,,,,,,
0.44,400,0,0.5,0,0,0,0,,,,,,,,,
0.44,410,0,0.5,0,0,0,0,,,,,,,,,
0.44,420,0,0.5,0,0,0,0,,,,,,,,,
0.44,430,0,0.5,0,0,0,0,,,,,,,,,
0.44,440,0,0.5,0,0,0,0,,,,,,,,,
0.44,450,0,0.5,0,0,0,0,,,,,,,,,
0.44,460,0,0.5,0,0,0,0,,,,,,,,,
0.44,470,0,0.5,0,0,0,0,,,,,,,,,
0.44,480,0,0.5,0,0,0,0,,,,,,,,,
0.44,490,0,0.5,0,0,0,0,,,,,,,,,
0.44,500,0,0.5,0,0,0,0,,,,,,,,,
0.45,10,0,0.5,0,0,0,0,,,,,,,,,
0.45,20,0,0.5,0,0,0,0,,,,,,,,,
0.45,30,0,0.5,0,0,0,0,,,,,,,,,
0.45,40,0,0.5,0,0,0,0,,,,,,,,,
0.45,50,0,0.5,0,0,0,0,,,,,,,,,
0.45,60,0,0.5,0,0,0,0,,,,,,,,,
0.45,70,0,0.5,0,0,0,0,,,,,,,,,
0.45,80,0,0.5,0,0,0,0,,,,,,,,,
0.45,90,0,0.5,0,0,0,0,,,,,,,,,
0.45,100,0,0.5,0,0,0,0,,,,,,,,,
0.45,110,0,0.5,0,0,0,0,,,,,,,,,
0.45,120,0,0.5,0,0,0,0,,,,,,,,,
0.45,130,0,0.5,0,0,0,0,,,,,,,,,
0.45,140,0,0.5,0,0,0,0,,,,,,,,,
0.45,150,0,0.5,0,0,0,0,,,,,,,,,
0.45,160,0,0.5,0,0,0,0,,,,,,,,,
0.45,170,0,0.5,0,0,0,0,,,,,,,,,
0.45,180,0,0.5,0,0,0,0,,,,,,,,,
0.45,190,0,0.5,0,0,0,0,,,,,,,,,
0.45,200,0,0.5,0,0,0,0,,,,,,,,,
0.45,210,0,0.5,0,0,0,0,,,,,,,,,
0.45,220,0,0.5,0,0,0,0,,,,,,,,,
0.45,230,0,0.5,0,0,0,0,,,,,,,,,
0.45,240,0,0.5,0,0,0,0,,,,,,,,,
0.45,250,0,0.5,0,0,0,0,,,,,,,,,
0.45,260,0,0.5,0,0,0,0,,,,,,,,,
0.45,270,0,0.5,0,0,0,0,,,,,,,,,
0.45,280,0,0.5,0,0,0,0,,,,,,,,,
0.45,290,0,0.5,0,0,0,0,,,,,,,,,
0.45,300,0,0.5,0,0,0,0,,,,,,,,,
0.45,310,0,0.5,0,0,0,0,,,,,,,,,
0.45,320,0,0.5,0,0,0,0,,,,,,,,,
0.45,330,0,0.5,0,0,0,0,,,,,,,,,
0.45,340,0,0.5,0,0,0,0,,,,,,,,,
0.45,350,0,0.5,0,0,0,0,,,,,,,,,
0.45,360,0,0.5,0,0,0,0,,,,,,,,,
0.45,370,0,0.5,0,0,0,0,,,,,,,,,
0.45,380,0,0.5,0,0,0,0,,,,,,,,,
0.45,390,0,0.5,0,0,0,0,,,,,,,,,
0.45,400,0,0.5,0,0,0,0,,,,,,,,,
0.45,410,0,0.5,0,0,0,0,,,,,,,,,
0.45,420,0,0.5,0,0,0,0,,,,,,,,,
0.45,430,0,0.5,0,0,0,0,,,,,,,,,
0.45,440,0,0.5,0,0,0,0,,,,,,,,,
0.45,450,0,0.5,0,0,0,0,,,,,,,,,
0.45,460,0,0.5,0,0,0,0,,,,,,,,,
0.45,470,0,0.5,0,0,0,0,,,,,,,,,
0.45,480,0,0.5,0,0,0,0,,,,,,,,,
0.45,490,0,0.5,0,0,0,0,,,,,,,,,
0.45,500,0,0.5,0,0,0,0,,,,,,,,,
0.46,10,0,0.5,0,0,0,0,,,,,,,,,
0.46,20,0,0.5,0,0,0,0,,,,,,,,,
0.46,30,0,0.5,0,0,0,0,,,,,,,,,
0.46,40,0,0.5,0,0,0,0,,,,,,,,,
0.46,50,0,0.5,0,0,0,0,,,,,,,,,
0.46,60,0,0.5,0,0,0,0,,,,,,,,,
0.46,70,0,0.5,0,0,0,0,,,,,,,,,
0.46,80,0,0.5,0,0,0,0,,,,,,,,,
0.46,90,0,0.5,0,0,0,0,,,,,,,,,
0.46,100,0,0.5,0,0,0,0,,,,,,,,,
0.46,110,0,0.5,0,0,0,0,,,,,,,,,
0.46,120,0,0.5,0,0,0,0,,,,,,,,,
0.46,130,0,0.5,0,0,0,0,,,,,,,,,
0.46,140,0,0.5,0,0,0,0,,,,,,,,,
0.46,150,0,0.5,0,0,0,0,,,,,,,,,
0.46,160,0,0.5,0,0,0,0,,,,,,,,,
0.46,170,0,0.5,0,0,0,0,,,,,,,,,
0.46,180,0,0.5,0,0,0,0,,,,,,,,,
0.46,190,0,0.5,0,0,0,0,,,,,,,,,
0.46,200,0,0.5,0,0,0,0,,,,,,,,,
0.46,210,0,0.5,0,0,0,0,,,,,,,,,
0.46,220,0,0.5,0,0,0,0,,,,,,,,,
0.46,230,0,0.5,0,0,0,0,,,,,,,,,
0.46,240,0,0.5,0,0,0,0,,,,,,,,,
0.46,250,0,0.5,0,0,0,0,,,,,,,,,
0.46,260,0,0.5,0,0,0,0,,,,,,,,,
0.46,270,0,0.5,0,0,0,0,,,,,,,,,
0.46,280,0,0.5,0,0,0,0,,,,,,,,,
0.46,290,0,0.5,0,0,0,0,,,,,,,,,
0.46,300,0,0.5,0,0,0,0,,,,,,,,,
0.46,310,0,0.5,0,0,0,0,,,,,,,,,
0.46,320,0,0.5,0,0,0,0,,,,,,,,,
0.46,330,0,0.5,0,0,0,0,,,,,,,,,
0.46,340,0,0.5,0,0,0,0,,,,,,,,,
0.46,350,0,0.5,0,0,0,0,,,,,,,,,
0.46,360,0,0.5,0,0,0,0,,,,,,,,,
0.46,370,0,0.5,0,0,0,0,,,,,,,,,
0.46,380,0,0.5,0,0,0,0,,,,,,,,,
0.46,390,0,0.5,0,0,0,0,,,,,,,,,
0.46,400,0,0.5,0,0,0,0,,,,,,,,,
0.46,410,0,0.5,0,0,0,0,,,,,,,,,
0.46,420,0,0.5,0,0,0,0,,,,,,,,,
0.46,430,0,0.5,0,0,0,0,,,,,,,,,
0.46,440,0,0.5,0,0,0,0,,,,,,,,,
0.46,450,0,0.5,0,0,0,0,,,,,,,,,
0.46,460,0,0.5,0,0,0,0,,,,,,,,,
0.46,470,0,0.5,0,0,0,0,,,,,,,,,
0.46,480,0,0.5,0,0,0,0,,,,,,,,,
0.46,490,0,0.5,0,0,0,0,,,,,,,,,
0.46,500,0,0.5,0,0,0,0,,,,,,,,,
0.47,10,0,0.5,0,0,0,0,,,,,,,,,
0.47,20,0,0.5,0,0,0,0,,,,,,,,,
0.47,30,0,0.5,0,0,0,0,,,,,,,,,
0.47,40,0,0.5,0,0,0,0,,,,,,,,,
0.47,50,0,0.5,0,0,0,0,,,,,,,,,
0.47,60,0,0.5,0,0,0,0,,,,,,,,,
0.47,70,0,0.5,0,0,0,0,,,,,,,,,
0.47,80,0,0.5,0,0,0,0,,,,,,,,,
0.47,90,0,0.5,0,0,0,0,,,,,,,,,
0.47,100,0,0.5,0,0,0,0,,,,,,,,,
0.47,110,0,0.5,0,0,0,0,,,,,,,,,
0.47,120,0,0.5,0,0,0,0,,,,,,,,,
0.47,130,0,0.5,0,0,0,0,,,,,,,,,
0.47,140,0,0.5,0,0,0,0,,,,,,,,,
0.47,150,0,0.5,0,0,0,0,,,,,,,,,
0.47,160,0,0.5,0,0,0,0,,,,,,,,,
0.47,170,0,0.5,0,0,0,0,,,,,,,,,
0.47,180,0,0.5,0,0,0,0,,,,,,,,,
0.47,190,0,0.5,0,0,0,0,,,,,,,,,
0.47,200,0,0.5,0,0,0,0,,,,,,,,,
0.47,210,0,0.5,0,0,0,0,,,,,,,,,
0.47,220,0,0.5,0,0,0,0,,,,,,,,,
0.47,230,0,0.5,0,0,0,0,,,,,,,,,
0.47,240,0,0.5,0,0,0,0,,,,,,,,,
0.47,250,0,0.5,0,0,0,0,,,,,,,,,
0.47,260,0,0.5,0,0,0,0,,,,,,,,,
0.47,270,0,0.5,0,0,0,0,,,,,,,,,
0.47,280,0,0.5,0,0,0,0,,,,,,,,,
0.47,290,0,0.5,0,0,0,0,,,,,,,,,
0.47,300,0,0.5,0,0,0,0,,,,,,,,,
0.47,310,0,0.5,0,0,0,0,,,,,,,,,
0.47,320,0,0.5,0,0,0,0,,,,,,,,,
0.47,330,0,0.5,0,0,0,0,,,,,,,,,
0.47,340,0,0.5,0,0,0,0,,,,,,,,,
0.47,350,0,0.5,0,0,0,0,,,,,,,,,
0.47,360,0,0.5,0,0,0,0,,,,,,,,,
0.47,370,0,0.5,0,0,0,0,,,,,,,,,
0.47,380,0,0.5,0,0,0,0,,,,,,,,,
0.47,390,0,0.5,0,0,0,0,,,,,,,,,
0.47,400,0,0.5,0,0,0,0,,,,,,,,,
0.47,410,0,0.5,0,0,0,0,,,,,,,,,
0.47,420,0,0.5,0,0,0,0,,,,,,,,,
0.47,430,0,0.5,0,0,0,0,,,,,,,,,
0.47,440,0,0.5,0,0,0,0,,,,,,,,,
0.47,450,0,0.5,0,0,0,0,,,,,,,,,
0.47,460,0,0.5,0,0,0,0,,,,,,,,,
0.47,470,0,0.5,0,0,0,0,,,,,,,,,
0.47,480,0,0.5,0,0,0,0,,,,,,,,,
0.47,490,0,0.5,0,0,0,0,,,,,,,,,
0.47,500,0,0.5,0,0,0,0,,,,,,,,,
0.48,10,0,0.5,0,0,0,0,,,,,,,,,
0.48,20,0,0.5,0,0,0,0,,,,,,,,,
0.48,30,0,0.5,0,0,0,0,,,,,,,,,
0.48,40,0,0.5,0,0,0,0,,,,,,,,,
0.48,50,0,0.5,0,0,0,0,,,,,,,,,
0.48,60,0,0.5,0,0,0,0,,,,,,,,,
0.48,70,0,0.5,0,0,0,0,,,,,,,,,
0.48,80,0,0.5,0,0,0,0,,,,,,,,,
0.48,90,0,0.5,0,0,0,0,,,,,,,,,
0.48,100,0,0.5,0,0,0,0,,,,,,,,,
0.48,110,0,0.5,0,0,0,0,,,,,,,,,
0.48,120,0,0.5,0,0,0,0,,,,,,,,,
0.48,130,0,0.5,0,0,0,0,,,,,,,,,
0.48,140,0,0.5,0,0,0,0,,,,,,,,,
0.48,150,0,0.5,0,0,0,0,,,,,,,,,
0.48,160,0,0.5,0,0,0,0,,,,,,,,,
0.48,170,0,0.5,0,0,0,0,,,,,,,,,
0.48,180,0,0.5,0,0,0,0,,,,,,,,,
0.48,190,0,0.5,0,0,0,0,,,,,,,,,
0.48,200,0,0.5,0,0,0,0,,,,,,,,,
0.48,210,0,0.5,0,0,0,0,,,,,,,,,
0.48,220,0,0.5,0,0,0,0,,,,,,,,,
0.48,230,0,0.5,0,0,0,0,,,,,,,,,
0.48,240,0,0.5,0,0,0,0,,,,,,,,,
0.48,250,0,0.5,0,0,0,0,,,,,,,,,
0.48,260,0,0.5,0,0,0,0,,,,,,,,,
0.48,270,0,0.5,0,0,0,0,,,,,,,,,
0.48,280,0,0.5,0,0,0,0,,,,,,,,,
0.48,290,0,0.5,0,0,0,0,,,,,,,,,
0.48,300,0,0.5,0,0,0,0,,,,,,,,,
0.48,310,0,0.5,0,0,0,0,,,,,,,,,
0.48,320,0,0.5,0,0,0,0,,,,,,,,,
0.48,330,0,0.5,0,0,0,0,,,,,,,,,
0.48,340,0,0.5,0,0,0,0,,,,,,,,,
0.48,350,0,0.5,0,0,0,0,,,,,,,,,
0.48,360,0,0.5,0,0,0,0,,,,,,,,,
0.48,370,0,0.5,0,0,0,0,,,,,,,,,
0.48,380,0,0.5,0,0,0,0,,,,,,,,,
0.48,390,0,0.5,0,0,0,0,,,,,,,,,
0.48,400,0,0.5,0,0,0,0,,,,,,,,,
0.48,410,0,0.5,0,0,0,0,,,,,,,,,
0.48,420,0,0.5,0,0,0,0,,,,,,,,,
0.48,430,0,0.5,0,0,0,0,,,,,,,,,
0.48,440,0,0.5,0,0,0,0,,,,,,,,,
0.48,450,0,0.5,0,0,0,0,,,,,,,,,
0.48,460,0,0.5,0,0,0,0,,,,,,,,,
0.48,470,0,0.5,0,0,0,0,,,,,,,,,
0.48,480,0,0.5,0,0,0,0,,,,,,,,,
0.48,490,0,0.5,0,0,0,0,,,,,,,,,
0.48,500,0,0.5,0,0,0,0,,,,,,,,,
0.49,10,0,0.5,0,0,0,0,,,,,,,,,
0.49,20,0,0.5,0,0,0,0,,,,,,,,,
0.49,30,0,0.5,0,0,0,0,,,,,,,,,
0.49,40,0,0.5,0,0,0,0,,,,,,,,,
0.49,50,0,0.5,0,0,0,0,,,,,,,,,
0.49,60,0,0.5,0,0,0,0,,,,,,,,,
0.49,70,0,0.5,0,0,0,0,,,,,,,,,
0.49,80,0,0.5,0,0,0,0,,,,,,,,,
0.49,90,0,0.5,0,0,0,0,,,,,,,,,
0.49,100,0,0.5,0,0,0,0,,,,,,,,,
0.49,110,0,0.5,0,0,0,0,,,,,,,,,
0.49,120,0,0.5,0,0,0,0,,,,,,,,,
0.49,130,0,0.5,0,0,0,0,,,,,,,,,
0.49,140,0,0.5,0,0,0,0,,,,,,,,,
0.49,150,0,0.5,0,0,0,0,,,,,,,,,
0.49,160,0,0.5,0,0,0,0,,,,,,,,,
0.49,170,0,0.5,0,0,0,0,,,,,,,,,
0.49,180,0,0.5,0,0,0,0,,,,,,,,,
0.49,190,0,0.5,0,0,0,0,,,,,,,,,
0.49,200,0,0.5,0,0,0,0,,,,,,,,,
0.49,210,0,0.5,0,0,0,0,,,,,,,,,
0.49,220,0,0.5,0,0,0,0,,,,,,,,,
0.49,230,0,0.5,0,0,0,0,,,,,,,,,
0.49,240,0,0.5,0,0,0,0,,,,,,,,,
0.49,250,0,0.5,0,0,0,0,,,,,,,,,
0.49,260,0,0.5,0,0,0,0,,,,,,,,,
0.49,270,0,0.5,0,0,0,0,,,,,,,,,
0.49,280,0,0.5,0,0,0,0,,,,,,,,,
0.49,290,0,0.5,0,0,0,0,,,,,,,,,
0.49,300,0,0.5,0,0,0,0,,,,,,,,,
0.49,310,0,0.5,0,0,0,0,,,,,,,,,
0.49,320,0,0.5,0,0,0,0,,,,,,,,,
0.49,330,0,0.5,0,0,0,0,,,,,,,,,
0.49,340,0,0.5,0,0,0,0,,,,,,,,,
0.49,350,0,0.5,0,0,0,0,,,,,,,,,
0.49,360,0,0.5,0,0,0,0,,,,,,,,,
0.49,370,0,0.5,0,0,0,0,,,,,,,,,
0.49,380,0,0.5,0,0,0,0,,,,,,,,,
0.49,390,0,0.5,0,0,0,0,,,,,,,,,
0.49,400,0,0.5,0,0,0,0,,,,,,,,,
0.49,410,0,0.5,0,0,0,0,,,,,,,,,
0.49,420,0,0.5,0,0,0,0,,,,,,,,,
0.49,430,0,0.5,0,0,0,0,,,,,,,,,
0.49,440,0,0.5,0,0,0,0,,,,,,,,,
0.49,450,0,0.5,0,0,0,0,,,,,,,,,
0.49,460,0,0.5,0,0,0,0,,,,,,,,,
0.49,470,0,0.5,0,0,0,0,,,,,,,,,
0.49,480,0,0.5,0,0,0,0,,,,,,,,,
0.49,490,0,0.5,0,0,0,0,,,,,,,,,
0.49,500,0,0.5,0,0,0,0,,,,,,,,,
0.5,10,0,0.5,0,0,0,0,,,,,,,,,
0.5,20,0,0.5,0,0,0,0,,,,,,,,,
0.5,30,0,0.5,0,0,0,0,,,,,,,,,
0.5,40,0,0.5,0,0,0,0,,,,,,,,,
0.5,50,0,0.5,0,0,0,0,,,,,,,,,
0.5,60,0,0.5,0,0,0,0,,,,,,,,,
0.5,70,0,0.5,0,0,0,0,,,,,,,,,
0.5,80,0,0.5,0,0,0,0,,,,,,,,,
0.5,90,0,0.5,0,0,0,0,,,,,,,,,
0.5,100,0,0.5,0,0,0,0,,,,,,,,,
0.5,110,0,0.5,0,0,0,0,,,,,,,,,
0.5,120,0,0.5,0,0,0,0,,,,,,,,,
0.5,130,0,0.5,0,0,0,0,,,,,,,,,
0.5,140,0,0.5,0,0,0,0,,,,,,,,,
0.5,150,0,0.5,0,0,0,0,,,,,,,,,
0.5,160,0,0.5,0,0,0,0,,,,,,,,,
0.5,170,0,0.5,0,0,0,0,,,,,,,,,
0.5,180,0,0.5,0,0,0,0,,,,,,,,,
0.5,190,0,0.5,0,0,0,0,,,,,,,,,
0.5,200,0,0.5,0,0,0,0,,,,,,,,,
0.5,210,0,0.5,0,0,0,0,,,,,,,,,
0.5,220,0,0.5,0,0,0,0,,,,,,,,,
0.5,230,0,0.5,0,0,0,0,,,,,,,,,
0.5,240,0,0.5,0,0,0,0,,,,,,,,,
0.5,250,0,0.5,0,0,0,0,,,,,,,,,
0.5,260,0,0.5,0,0,0,0,,,,,,,,,
0.5,270,0,0.5,0,0,0,0,,,,,,,,,
0.5,280,0,0.5,0,0,0,0,,,,,,,,,
0.5,290,0,0.5,0,0,0,0,,,,,,,,,
0.5,300,0,0.5,0,0,0,0,,,,,,,,,
0.5,310,0,0.5,0,0,0,0,,,,,,,,,
0.5,320,0,0.5,0,0,0,0,,,,,,,,,
0.5,330,0,0.5,0,0,0,0,,,,,,,,,
0.5,340,0,0.5,0,0,0,0,,,,,,,,,
0.5,350,0,0.5,0,0,0,0,,,,,,,,,
0.5,360,0,0.5,0,0,0,0,,,,,,,,,
0.5,370,0,0.5,0,0,0,0,,,,,,,,,
0.5,380,0,0.5,0,0,0,0,,,,,,,,,
0.5,390,0,0.5,0,0,0,0,,,,,,,,,
0.5,400,0,0.5,0,0,0,0,,,,,,,,,
0.5,410,0,0.5,0,0,0,0,,,,,,,,,
0.5,420,0,0.5,0,0,0,0,,,,,,,,,
0.5,430,0,0.5,0,0,0,0,,,,,,,,,
0.5,440,0,0.5,0,0,0,0,,,,,,,,,
0.5,450,0,0.5,0,0,0,0,,,,,,,,,
0.5,460,0,0.5,0,0,0,0,,,,,,,,,
0.5,470,0,0.5,0,0,0,0,,,,,,,,,
0.5,480,0,0.5,0,0,0,0,,,,,,,,,
0.5,490,0,0.5,0,0,0,0,,,,,,,,,
0.5,500,0,0.5,0,0,0,0,,,,,,,,,
